Funimation, 1
Bandai Entertainment, 1
Funimation, 6
Geneon Entertainment USA, 6
Viz Media, 16
Funimation, 18
Viz Media, 20
Viz Media, 22
Funimation, 24
Funimation, 26
Geneon Entertainment USA, 26
Nozomi Entertainment, 28
ADV Films, 30
Manga Entertainment, 32
ADV Films, 44
Aniplex of America, 44
ADV Films, 46
Aniplex of America, 46
Funimation, 48
Bandai Entertainment, 48
Media Blasters, 50
NYAV Post, 50
ADV Films, 52
Sentai Filmworks, 52
Sentai Filmworks, 54
Geneon Entertainment USA, 54
Bandai Entertainment, 56
Funimation, 58
ADV Films, 60
Funimation, 60
Sentai Filmworks, 64
ADV Films, 66
Sentai Filmworks, 66
Funimation, 68
ADV Films, 72
Funimation, 72
Nozomi Entertainment, 74
Geneon Entertainment USA, 76
Nozomi Entertainment, 80
Bandai Entertainment, 80
Nozomi Entertainment, 82
Bandai Entertainment, 82
Nozomi Entertainment, 84
Bandai Entertainment, 84
Nozomi Entertainment, 86
Nozomi Entertainment, 88
Bandai Entertainment, 88
Bandai Entertainment, 90
Nozomi Entertainment, 92
Bandai Entertainment, 94
NYAV Post, 94
Bandai Entertainment, 96
Funimation, 98
Bandai Entertainment, 98
ADV Films, 100
Funimation, 100
Viz Media, 104
Discotek Media, 104
Viz Media, 106
Discotek Media, 106
ADV Films, 108
Funimation, 108
ADV Films, 114
Sentai Filmworks, 114
Discotek Media, 114
Nozomi Entertainment, 116
Geneon Entertainment USA, 116
Geneon Entertainment USA, 118
Funimation, 120
Viz Media, 122
Media Blasters, 124
Geneon Entertainment USA, 124
Geneon Entertainment USA, 128
Geneon Entertainment USA, 130
ADV Films, 132
Sentai Filmworks, 132
Funimation, 134
Viz Media, 136
ADV Films, 146
ADV Films, 148
Sony Pictures Entertainment, 150
Funimation, 152
4Kids Entertainment, 154
Funimation, 156
Geneon Entertainment USA, 156
Nozomi Entertainment, 158
Central Park Media, 160
Nozomi Entertainment, 162
GKIDS, 164
Funimation, 166
Bandai Entertainment, 168
Sentai Filmworks, 168
Flatiron Film Company, 170
Geneon Entertainment USA, 170
Discotek Media, 174
Geneon Entertainment USA, 174
Discotek Media, 178
Geneon Entertainment USA, 178
Funimation, 180
Geneon Entertainment USA, 180
Funimation, 182
Bandai Entertainment, 182
ADV Films, 184
Funimation, 184
Funimation, 186
Bandai Entertainment, 190
Bandai Entertainment, 192
Nozomi Entertainment, 196
Bandai Entertainment, 196
Funimation, 198
Funimation, 202
Bandai Entertainment, 202
ADV Films, 204
Sentai Filmworks, 204
Funimation, 206
Central Park Media, 206
Aniplex of America, 208
Manga Entertainment, 208
Viz Media, 210
Discotek Media, 212
ADV Films, 218
Nozomi Entertainment, 218
ADV Films, 222
Sentai Filmworks, 222
ADV Films, 226
Funimation, 228
Geneon Entertainment USA, 230
Nelvana, 232
NIS America, Inc., 232
Geneon Entertainment USA, 232
Bandai Entertainment, 234
ADV Films, 236
Viz Media, 238
Discotek Media, 238
Media Blasters, 240
Media Blasters, 242
NYAV Post, 242
TOKYOPOP, 246
Viz Media, 250
Flatiron Film Company, 250
ADV Films, 252
Funimation, 254
ADV Films, 256
ADV Films, 260
Geneon Entertainment USA, 264
Media Blasters, 266
ADV Films, 268
Media Blasters, 268
Discotek Media, 268
Funimation, 270
Geneon Entertainment USA, 270
ADV Films, 272
Funimation, 272
Funimation, 274
Sentai Filmworks, 276
Geneon Entertainment USA, 276
Geneon Entertainment USA, 278
ADV Films, 284
Anime Midstream, 286
Nelvana, 288
Funimation, 290
Bandai Entertainment, 290
Bandai Entertainment, 292
ADV Films, 294
Sentai Filmworks, 294
Bandai Entertainment, 296
Funimation, 298
Bandai Entertainment, 298
Geneon Entertainment USA, 300
Geneon Entertainment USA, 304
ADV Films, 306
Media Blasters, 316
SoftCel Pictures, 316
Geneon Entertainment USA, 318
Media Blasters, 320
Geneon Entertainment USA, 322
Central Park Media, 324
Maiden Japan, 324
Sentai Filmworks, 326
Urban Vision, 326
Nozomi Entertainment, 328
Media Blasters, 330
NYAV Post, 330
Discotek Media, 334
TOKYOPOP, 334
Nozomi Entertainment, 338
Media Blasters, 340
Geneon Entertainment USA, 342
Geneon Entertainment USA, 348
4Kids Entertainment, 350
Media Blasters, 354
Sentai Filmworks, 356
Geneon Entertainment USA, 356
Central Park Media, 360
Bandai Entertainment, 366
Central Park Media, 366
Media Blasters, 368
ADV Films, 370
Nelvana, 372
Geneon Entertainment USA, 372
ADV Films, 374
ADV Films, 376
Geneon Entertainment USA, 378
Media Blasters, 380
Geneon Entertainment USA, 380
Media Blasters, 382
ADV Films, 384
Funimation, 384
Funimation, 390
Funimation, 392
Funimation, 394
Geneon Entertainment USA, 394
Funimation, 396
Bandai Entertainment, 396
Funimation, 400
Bandai Entertainment, 400
Geneon Entertainment USA, 404
Sentai Filmworks, 412
Walt Disney Studios, 416
GKIDS, 416
Viz Media, 418
ADV Films, 420
Bandai Entertainment, 422
Nozomi Entertainment, 424
Urban Vision, 426
ADV Films, 428
Funimation, 428
Funimation, 430
Media Blasters, 432
Central Park Media, 432
Discotek Media, 432
Central Park Media, 434
Media Blasters, 438
Nozomi Entertainment, 440
Central Park Media, 440
Viz Media, 442
Nozomi Entertainment, 444
Media Blasters, 446
Discotek Media, 448
Geneon Entertainment USA, 448
Viz Media, 450
Viz Media, 452
Bandai Entertainment, 454
ADV Films, 456
Nozomi Entertainment, 458
Funimation, 468
Bandai Entertainment, 468
Nozomi Entertainment, 472
Funimation, 478
4Kids Entertainment, 482
Flatiron Film Company, 482
ADV Films, 484
Sentai Filmworks, 484
ADV Films, 486
Sentai Filmworks, 486
Sentai Filmworks, 488
Geneon Entertainment USA, 488
ADV Films, 490
Funimation, 490
Funimation, 492
Geneon Entertainment USA, 492
Viz Media, 498
Funimation, 502
Viz Media, 504
Discotek Media, 504
Viz Media, 508
Walt Disney Studios, 512
GKIDS, 512
Sentai Filmworks, 514
Geneon Entertainment USA, 514
Funimation, 516
TOKYOPOP, 520
Nozomi Entertainment, 524
Bandai Entertainment, 524
4Kids Entertainment, 528
Warner Bros., 528
ADV Films, 530
Viz Media, 530
DiC Entertainment, 530
Viz Media, 532
Geneon Entertainment USA, 532
Funimation, 534
Central Park Media, 534
Enoki Films, 534
ADV Films, 536
Funimation, 538
Geneon Entertainment USA, 538
Funimation, 540
Geneon Entertainment USA, 540
Discotek Media, 544
Saban Entertainment, 552
Flatiron Film Company, 552
ADV Films, 554
ADV Films, 564
Central Park Media, 566
ADV Films, 568
Funimation, 568
Bandai Entertainment, 570
Discotek Media, 570
Walt Disney Studios, 572
GKIDS, 572
Bandai Entertainment, 574
Bandai Visual USA, 574
ADV Films, 576
Funimation, 576
ADV Films, 578
Central Park Media, 578
Sentai Filmworks, 578
Funimation, 584
Manga Entertainment, 584
Geneon Entertainment USA, 586
Funimation, 588
Sentai Filmworks, 590
Viz Media, 594
Funimation, 596
Geneon Entertainment USA, 596
Bandai Entertainment, 598
Bandai Entertainment, 604
Bandai Entertainment, 606
Funimation, 608
Geneon Entertainment USA, 608
Sentai Filmworks, 610
Geneon Entertainment USA, 610
Urban Vision, 618
Geneon Entertainment USA, 620
Media Blasters, 624
Nozomi Entertainment, 630
Media Blasters, 630
NYAV Post, 630
Geneon Entertainment USA, 634
Geneon Entertainment USA, 636
Viz Media, 644
Bandai Entertainment, 646
ADV Films, 650
Bandai Entertainment, 652
Bandai Entertainment, 654
ADV Films, 656
Funimation, 656
Super Techno Arts, 666
Discotek Media, 668
ADV Films, 678
Manga Entertainment, 678
Bandai Entertainment, 682
Sentai Filmworks, 688
TOKYOPOP, 690
Maiden Japan, 690
Kitty Media, 692
Funimation, 696
Geneon Entertainment USA, 696
ADV Films, 706
Funimation, 706
Viz Media, 712
Media Blasters, 718
Sentai Filmworks, 732
Urban Vision, 732
Media Blasters, 734
Media Blasters, 736
Viz Media, 738
ADV Films, 740
Viz Media, 740
DiC Entertainment, 740
Viz Media, 744
ADV Films, 758
Viz Media, 764
ADV Films, 776
Funimation, 780
ADV Films, 782
Nozomi Entertainment, 782
Media Blasters, 788
Funimation, 790
Geneon Entertainment USA, 790
Viz Media, 792
Discotek Media, 800
Geneon Entertainment USA, 800
ADV Films, 808
Bandai Entertainment, 812
Geneon Entertainment USA, 816
ADV Films, 818
Sentai Filmworks, 820
Funimation, 822
Media Blasters, 830
ADV Films, 836
Central Park Media, 838
ADV Films, 840
Central Park Media, 840
ADV Films, 842
Discotek Media, 844
Funimation, 846
ADV Films, 848
Funimation, 848
Media Blasters, 850
Discotek Media, 854
ADV Films, 856
Funimation, 856
Funimation, 860
Geneon Entertainment USA, 860
ADV Films, 866
ADV Films, 868
ADV Films, 870
Discotek Media, 870
Media Blasters, 872
Saban Entertainment, 874
Flatiron Film Company, 874
Manga Entertainment, 876
Bandai Entertainment, 878
Sentai Filmworks, 878
ADV Films, 880
Funimation, 880
NYAV Post, 880
Funimation, 882
Media Blasters, 882
ADV Films, 884
Funimation, 884
OLM Digital, 884
Nozomi Entertainment, 886
Media Blasters, 886
Bandai Entertainment, 888
Discotek Media, 888
Media Blasters, 890
Funimation, 892
Funimation, 894
Funimation, 896
Funimation, 898
Funimation, 900
Funimation, 902
Funimation, 904
Funimation, 906
Funimation, 908
Maiden Japan, 910
Central Park Media, 914
Manga Entertainment, 916
Sentai Filmworks, 918
Crunchyroll, 918
ADV Films, 920
Sentai Filmworks, 934
Geneon Entertainment USA, 934
Viz Media, 936
Discotek Media, 938
Maiden Japan, 942
Nozomi Entertainment, 944
Kadokawa Pictures USA, 944
Manga Entertainment, 950
Bandai Entertainment, 952
Discotek Media, 956
Funimation, 958
Geneon Entertainment USA, 958
Nozomi Entertainment, 962
Funimation, 966
Media Blasters, 972
Manga Entertainment, 974
Discotek Media, 978
Geneon Entertainment USA, 980
ADV Films, 982
Bandai, 984
Funimation, 986
Geneon Entertainment USA, 992
Viz Media, 996
ADV Films, 998
Discotek Media, 1000
Discotek Media, 1002
Bandai Visual USA, 1002
ADV Films, 1004
Funimation, 1006
Geneon Entertainment USA, 1006
Viz Media, 1008
Viz Media, 1010
Sentai Filmworks, 1014
Geneon Entertainment USA, 1014
ADV Films, 1016
Sentai Filmworks, 1018
Media Blasters, 1020
ADV Films, 1022
Media Blasters, 1026
Walt Disney Studios, 1030
GKIDS, 1030
Discotek Media, 1032
Maiden Japan, 1034
Bandai Visual USA, 1034
Discotek Media, 1044
ADV Films, 1046
Sentai Filmworks, 1046
Geneon Entertainment USA, 1048
Viz Media, 1050
Media Blasters, 1052
ADV Films, 1058
Geneon Universal Entertainment, 1066
Funimation, 1066
Bandai Entertainment, 1080
Sentai Filmworks, 1082
Geneon Entertainment USA, 1082
Viz Media, 1084
Bandai Entertainment, 1086
ADV Films, 1088
Nozomi Entertainment, 1090
Bandai Entertainment, 1090
Nozomi Entertainment, 1092
Bandai Entertainment, 1092
Maiden Japan, 1096
Bandai Visual USA, 1096
TOKYOPOP, 1098
Media Blasters, 1102
ADV Films, 1104
Sentai Filmworks, 1104
ADV Films, 1108
Discotek Media, 1108
Funimation, 1112
Bandai Entertainment, 1116
4Kids Entertainment, 1118
Warner Bros., 1118
4Kids Entertainment, 1120
Miramax Films, 1120
4Kids Entertainment, 1122
Miramax Films, 1122
Funimation, 1124
Bandai Entertainment, 1124
Media Blasters, 1126
ADV Films, 1128
ADV Films, 1130
Flatiron Film Company, 1132
Bandai Entertainment, 1136
Sentai Filmworks, 1136
ADV Films, 1138
Funimation, 1140
Viz Media, 1142
Funimation, 1144
Geneon Entertainment USA, 1144
Funimation, 1146
Geneon Entertainment USA, 1146
ADV Films, 1148
Maiden Japan, 1152
ADV Films, 1156
Media Blasters, 1160
ADV Films, 1164
Nozomi Entertainment, 1168
ADV Films, 1170
Funimation, 1172
Central Park Media, 1174
