Bandai Visual, 1
Victor Entertainment, 6
Genco, 16
Fuji TV, 16
Shueisha, 16
OB Planning, 18
Studio Jack, 18
TV Tokyo, 20
Aniplex, 20
Shueisha, 20
Production I.G, 22
Nihon Ad Systems, 22
TV Tokyo, 24
Sotsu, 24
Marvelous, 24
Starchild Records, 24
Media Factory, 24
DAX Production, 24
Studio Jack, 24
Group TAC, 26
Rondo Robe, 26
Fuji TV, 26
Pioneer LDC, 26
TV Tokyo, 28
Aniplex, 28
d-rights, 28
Tohokushinsha Film Corporation, 28
Atelier Musa, 28
TV Tokyo, 30
Kadokawa Shoten, 30
Nihon Ad Systems, 30
Audio Tanaka, 30
TV Tokyo, 32
Toei Animation, 32
Kadokawa Shoten, 32
Movic, 32
Sega, 32
TV Tokyo Music, 32
Audio Tanaka, 32
Aniplex, 44
Fuji TV, 46
Sony Music Entertainment, 46
Bandai Visual, 48
Yomiko Advertising, 48
Bandai, 48
CyberConnect2, 48
Bandai Visual, 50
TBS, 50
TV Tokyo Music, 52
Mainichi Broadcasting System, 54
Toho, 54
TYO Animations, 54
TYO, 54
Production I.G, 56
Youmex, 58
Toshiba EMI, 58
Lantis, 60
Kadokawa Shoten, 60
Fuji TV, 60
Lantis, 62
King Records, 62
Mellow Head, 64
Pony Canyon, 64
TBS, 64
Memory-Tech, 64
Studio Jack, 64
Genco, 66
Lantis, 66
Imagica, 66
TV Tokyo Music, 66
Cosmic Ray, 66
King Records, 66
GDH, 68
Dentsu, 68
TBS, 68
Sotsu Music Publishing, 68
Tatsunoko Production, 72
Kadokawa Shoten, 72
Fuji TV, 72
Imagica, 72
Rakuonsha, 72
Kadokawa Pictures Japan, 72
KlockWorx, 72
Happinet Pictures, 72
Animation Do, 72
Aniplex, 74
Sogo Vision, 74
Starchild Records, 76
Omnibus Japan, 76
Sotsu, 80
Nagoya TV Housou, 80
Bandai Visual, 82
Bandai Visual, 84
Sotsu, 86
Nagoya TV Housou, 86
Sotsu, 88
Shochiku, 88
Atelier Musa, 88
Nagoya TV Housou, 88
TV Asahi, 90
TV Asahi, 92
Sotsu, 92
Sotsu, 94
Mainichi Broadcasting System, 94
Sony Music Entertainment, 94
TV Asahi, 96
Sotsu, 96
Bandai Visual, 98
TV Tokyo Music, 98
Studio Zain, 98
Kadokawa Shoten, 100
Rondo Robe, 100
Animax, 102
Toei Video, 102
Sunny Side Up, 102
Bandai Visual, 104
Aniplex, 108
m.o.e., 112
TV Tokyo Music, 114
TV Tokyo, 116
Geneon Universal Entertainment, 116
SoftX, 116
Pioneer LDC, 116
TV Tokyo Music, 116
Atelier Musa, 116
Pioneer LDC, 118
TV Tokyo, 120
Nihon Ad Systems, 120
King Records, 120
Nihon Ad Systems, 122
Lantis, 126
TBS, 132
Kodansha, 132
Rondo Robe, 132
Rakuonsha, 132
Marvelous, 134
Fuji TV, 134
Fuji TV, 136
Movic, 144
Fuji TV, 144
Fuji Pacific Music Publishing, 144
Geneon Universal Entertainment, 146
TBS, 146
Rondo Robe, 146
Movic, 146
Aniplex, 150
Mainichi Broadcasting System, 150
AIC, 152
TV Asahi, 152
Sotsu Music Publishing, 152
TV Tokyo, 154
Nihon Ad Systems, 154
TV Tokyo Music, 154
Bandai Visual, 156
Kadokawa Shoten, 156
d-rights, 156
chara-ani.com, 156
Rondo Robe, 158
TV Tokyo Music, 158
Pioneer LDC, 160
Broccoli, 162
Tokuma Shoten, 164
Nippon Television Network, 164
GDH, 166
Sotsu Music Publishing, 166
Yomiko Advertising, 168
TV Asahi, 170
Animax, 170
TV Asahi, 174
Discovery, 176
WAO World, 178
Studio Jack, 178
GDH, 180
Dentsu, 180
Media Factory, 180
TV Tokyo, 182
Bandai Visual, 182
Happinet Pictures, 184
OB Planning, 186
Fuji TV, 186
AIC, 188
Green Bunny, 188
BEAM Entertainment, 188
Starchild Records, 190
Audio Tanaka, 190
Starchild Records, 192
Yomiko Advertising, 192
Audio Tanaka, 192
Bandai Visual, 194
Bandai Visual, 196
Genco, 196
Lantis, 196
TV Asahi, 198
WAO World, 198
TAP, 198
Bandai Visual, 202
Asatsu DK, 202
Fuji TV, 202
Kadokawa Shoten, 206
Yomiko Advertising, 206
Marubeni, 206
Aniplex, 208
SME Visual Works, 208
Shogakukan Productions, 210
Kitty Films, 210
Fuji TV, 210
Shogakukan, 210
SOEISHINSHA, 212
Pink Pineapple, 214
Geneon Universal Entertainment, 216
I-move, 216
Starchild Records, 218
Yomiko Advertising, 218
Audio Tanaka, 218
Discovery, 220
Studio Pierrot, 222
Shochiku, 222
Memory-Tech, 222
Happinet Pictures, 222
VAP, 226
Genco, 226
A-Line, 226
Aniplex, 228
SKY Perfect Well Think, 228
VAP, 230
Nippon Television Network, 230
NHK, 232
Kodansha, 232
Sogo Vision, 232
YTV, 232
TV Tokyo, 234
HoriPro, 234
Sotsu, 236
Fuji TV, 238
Genco, 240
Lantis, 240
Kids Station, 240
Toshiba Entertainment, 240
VAP, 242
Studio Jack, 242
TBS, 246
Kodansha, 246
Shueisha, 248
Yomiko Advertising, 250
Fuji TV, 250
Victor Entertainment, 252
Bandai Visual, 254
Group TAC, 258
KENMedia, 258
KSS, 260
KSS, 262
Rondo Robe, 266
d-rights, 266
KSS, 268
Shueisha, 268
Fuji TV, 270
Pioneer LDC, 270
Victor Entertainment, 272
gimik, 274
TBS, 276
Pioneer LDC, 276
TV Tokyo, 278
MediaNet, 278
Capcom, 278
TV Tokyo, 280
Geneon Universal Entertainment, 280
Dentsu, 280
TV Tokyo Music, 280
Dentsu Tec, 280
Aniplex, 282
TV Asahi, 284
Tokyo Movie Shinsha, 286
TMS-Kyokuchi, 286
d-rights, 288
Heewon Entertainment, 288
Bandai Visual, 290
WOWOW, 290
BeSTACK, 290
OB Planning, 292
Media Factory, 294
Imagica, 294
KlockWorx, 294
Bandai Visual, 296
Nihon Ad Systems, 296
TV Tokyo Music, 296
Bandai Visual, 298
Yomiko Advertising, 298
Bandai Visual, 300
Kodansha, 300
Bandai Visual, 304
Pony Canyon, 304
Kodansha, 304
Movic, 304
Sega, 304
Dentsu, 306
Starchild Records, 306
Imagica, 306
Rakuonsha, 306
King Records, 306
Bandai Visual, 308
Mellow Head, 308
Genco, 308
Ginga Ya, 308
Trilogy Future Studio, 308
Tokyo Movie Shinsha, 312
Bandai Visual, 314
Tokyo Movie Shinsha, 314
Pink Pineapple, 316
Critical Mass Video, 316
Geneon Universal Entertainment, 318
Pioneer LDC, 318
Cosmic Ray, 318
Green Bunny, 320
BEAM Entertainment, 320
Aniplex, 322
Fuji TV, 322
Tohokushinsha Film Corporation, 324
Trans Arts, 326
TBS, 326
Animate Film, 328
Kids Station, 328
Pioneer LDC, 328
Bandai Visual, 330
Lantis, 330
TV Tokyo, 332
Sotsu, 332
Asahi Broadcasting, 334
Rondo Robe, 336
Nippon Television Network, 338
TV Tokyo, 340
Sotsu, 340
Marvelous, 340
Media Factory, 340
Geneon Universal Entertainment, 342
NHK, 344
Hal Film Maker, 348
Genco, 348
Starchild Records, 348
Asahi Broadcasting, 350
Asahi Broadcasting, 352
m.o.e., 354
Geneon Universal Entertainment, 356
Frontier Works, 356
TBS, 356
KlockWorx, 356
Notes, 356
Happinet Pictures, 358
Rakuonsha, 360
Studio Jack, 360
Amuse, 360
Hakuhodo, 360
Mitsubishi, 360
Panasonic Digital Contents, 360
Picture Magic, 362
Rikuentai, 362
TV Tokyo, 364
Aniplex, 364
Bandai Visual, 366
Active, 368
AIC, 370
Bandai Visual, 372
Shochiku, 372
Kodansha, 372
Shelty, 372
Amber Film Works, 372
Movic, 374
VAP, 376
Bandai Visual, 378
Genco, 378
Bandai Visual, 380
Movic, 380
Half H.P Studio, 382
Fuji TV, 384
Asahi Broadcasting, 386
TV Tokyo, 388
Sotsu, 388
Marvelous, 388
Delfi Sound, 388
Marvelous, 390
Starchild Records, 390
Studio Jack, 390
Yomiko Advertising, 392
Fuji TV, 392
Geneon Universal Entertainment, 394
Rondo Robe, 394
Movic, 394
Cosmic Ray, 394
Bandai Visual, 396
WOWOW, 396
BeSTACK, 396
Bandai Visual, 398
BeSTACK, 398
Sotsu, 400
Victor Entertainment, 400
Shueisha, 404
Sony Pictures Entertainment, 408
Square Enix, 408
Geneon Universal Entertainment, 412
TBS, 412
DAX Production, 412
Memory-Tech, 412
Tokuma Shoten, 416
Nippon Television Network, 416
Fuji TV, 418
TBS, 420
Nichion, 420
Bandai Visual, 422
Studio Nue, 424
Square Enix, 426
Hal Film Maker, 428
Aniplex, 430
Square Enix, 430
Shochiku, 430
Mainichi Broadcasting System, 430
Bandai Visual, 432
81 Produce, 434
KSS, 438
TV Tokyo, 440
Audio Tanaka, 440
Aniplex, 442
Bandai, 442
TV Tokyo Music, 442
Shueisha, 442
Animate Film, 446
Kids Station, 446
Movic, 446
Kyoto Animation, 450
Production Reed, 450
CyberConnect2, 454
Konami, 456
Pink Pineapple, 458
Studio Jack, 458
Fuji Pacific Music Publishing, 460
Shueisha, 460
Fuji Pacific Music Publishing, 462
Fuji TV, 464
Fuji Pacific Music Publishing, 464
KSS, 472
Studio Nue, 474
Aniplex, 476
Media Factory, 478
Bandai, 478
Tohokushinsha Film Corporation, 478
TV Tokyo, 482
Toei Animation, 482
Nihon Ad Systems, 482
WOWOW, 486
Genco, 486
Pony Canyon, 486
Studio Wombat, 486
chara-ani.com, 486
ASCII Media Works, 486
TBS, 488
Movic, 488
Square Enix, 490
Starchild Records, 490
GANSIS, 490
AIC, 492
Pioneer LDC, 492
Kadokawa Shoten, 496
AnimEigo, 496
Network, 498
Shochiku, 504
Nihon Ad Systems, 504
Fuji TV, 504
Studio Jack, 506
TV Tokyo, 508
Shogakukan Productions, 508
Half H.P Studio, 508
Soft Garage, 510
Aniplex, 514
Studio Hibari, 514
TV Tokyo, 516
Nihon Ad Systems, 516
Rakuonsha, 516
Kadokawa Shoten, 522
Bandai Visual, 524
WOWOW, 524
Lantis, 524
Victor Entertainment, 526
Hakusensha, 526
TV Tokyo, 528
Shogakukan Productions, 528
Imagica, 528
Studio Jack, 528
TV Asahi, 530
TV Asahi, 532
J.C.Staff, 534
TV Tokyo, 534
SoftX, 534
TV Tokyo Music, 534
Kadokawa Shoten, 536
Marubeni, 536
Pioneer LDC, 538
Pioneer LDC, 540
Shochiku, 544
Gakken, 544
Bandai, 544
Frontier Works, 546
Rondo Robe, 546
Tin House, 548
Nihon Ad Systems, 550
Yomiko Advertising, 552
Fuji TV, 552
Pony Canyon, 554
m.o.e., 556
Pony Canyon, 556
NHK, 558
Starchild Records, 560
Radix, 562
Pony Canyon, 562
Sega, 562
Victor Entertainment, 564
Bandai Visual, 566
Victor Entertainment, 568
Topcraft, 572
Bandai Visual, 574
Atelier Musa, 574
Bandai Channel, 574
Lantis, 576
DAX Production, 576
San-X, 580
Madhouse, 582
Bandai Visual, 582
Lantis, 584
Media Factory, 584
Rikuentai, 584
Toshiba Entertainment, 584
Bandai Channel, 584
Dentsu, 586
SKY Perfect Well Think, 586
Fuji TV, 586
Asmik Ace Entertainment, 586
Sony Music Entertainment, 586
Three Fat Samurai, 588
Sol Blade, 588
Aniplex, 590
Studio Tulip, 590
Tohokushinsha Film Corporation, 590
Tokyo Movie Shinsha, 592
Tohokushinsha Film Corporation, 592
Movic, 596
Pioneer LDC, 596
Aniplex, 598
SME Visual Works, 598
Studio OX, 598
Movic, 602
Sony Music Entertainment, 602
Bandai Visual, 604
Geneon Universal Entertainment, 604
TV Osaka, 604
Yomiuri Advertising, 604
TV Tokyo Music, 604
Bandai Visual, 606
Kadokawa Shoten, 608
Sega, 608
Imagica, 608
chara-ani.com, 608
Bandai Visual, 610
Mellow Head, 612
Genco, 612
Media Factory, 612
Toshiba Entertainment, 612
Media Factory, 614
Amber Film Works, 614
TV Tokyo, 616
Nihon Ad Systems, 616
Studio Take Off, 618
TV Tokyo, 620
KSS, 622
Picture Magic, 622
Rikuentai, 622
Broccoli, 624
Bandai Visual, 630
Triangle Staff, 630
Geneon Universal Entertainment, 634
TV Asahi, 634
Rondo Robe, 634
TV Tokyo Music, 636
Radix, 648
VAP, 650
TBS, 650
Kodansha, 650
Bandai Visual, 652
Broccoli, 652
Broccoli, 654
Pony Canyon, 656
TBS, 656
VAP, 658
Nippon Television Network, 658
Shueisha, 666
Trinet Entertainment, 668
Radix, 670
Pink Pineapple, 676
Bandai Visual, 678
Lantis, 682
Bandai Visual, 684
Bandai Visual, 688
gimik, 688
Studio Jack, 690
KSS, 692
DAX Production, 694
TV Tokyo, 696
Pioneer LDC, 696
AQUAPLUS, 706
TMS Entertainment, 708
TBS, 710
Studio Comet, 714
Tsuchida Productions, 714
TBS, 718
Studio Comet, 722
Asatsu DK, 722
Shueisha, 722
Langmaor, 724
Daiei, 730
SIDO LIMITED, 730
Ajia-Do, 732
Trans Arts, 732
Movic, 732
Studio Kyuuma, 732
Studio Core, 732
CBS, 732
Milky Animation Label, 736
TV Tokyo, 738
Shogakukan Productions, 738
A-Line, 738
TV Asahi, 740
Robot Communications, 744
Hakusensha, 746
Three Fat Samurai, 746
Sol Blade, 746
KSS, 748
Bandai Visual, 750
Frontier Works, 750
TBS, 750
Alchemist, 750
Echo, 752
NHK, 754
Avex Entertainment, 756
Lantis, 756
Media Factory, 758
Shochiku, 758
Asatsu DK, 758
Sakura Create, 758
Frontier Works, 766
Kadokawa Shoten, 766
Half H.P Studio, 766
Digiturbo, 766
Directions, 770
Genco, 776
Yomiko Advertising, 782
Atelier Musa, 782
Kids Station, 786
Kodansha, 786
Movic, 786
Genco, 788
Geneon Universal Entertainment, 790
WOWOW, 790
Sakura Create, 790
Pony Canyon, 792
Fuji TV, 792
Bandai Visual, 798
Lantis, 798
Shaft, 800
Genco, 800
Kadokawa Shoten, 800
SynergySP, 800
Pioneer LDC, 800
Tokyo Kids, 808
Movic, 808
Group TAC, 810
Pony Canyon, 810
Animate Film, 810
Movic, 810
Bandai Visual, 812
Sotsu, 812
Production I.G, 814
Nihon Ad Systems, 814
Genco, 816
Pioneer LDC, 816
Kitty Films, 818
Studio Tulip, 818
Kitty Films, 820
OB Planning, 822
Fuji TV, 822
KSS, 824
Milky Animation Label, 828
Green Bunny, 830
Shinkuukan, 830
Cosmic Ray, 830
Plum, 832
Soft Garage, 832
TV Tokyo, 834
Starchild Records, 836
TV Tokyo Music, 836
GANSIS, 836
Kids Station, 838
Lantis, 840
Media Factory, 840
Pony Canyon, 840
Imagica, 840
OB Planning, 842
Toshiba EMI, 842
Toho, 842
Shogakukan, 842
Sotsu, 846
Marvelous, 846
Studio Jack, 846
TV Asahi, 848
GANSIS, 848
Geneon Universal Entertainment, 850
Visual Art&#039;s, 850
Geneon Universal Entertainment, 854
Mellow Head, 854
Lantis, 856
Half H.P Studio, 856
AQUAPLUS, 856
Nippon Ichi Software, 860
Starchild Records, 866
chara-ani.com, 866
GANSIS, 866
TV Tokyo, 868
SoftX, 868
Kadokawa Shoten, 870
Tohokushinsha Film Corporation, 872
Beyond C., 872
Yomiko Advertising, 874
Fuji TV, 874
Group TAC, 876
Studio Take Off, 876
TV Tokyo, 878
Dentsu, 878
Atelier Musa, 878
TBS, 880
Kodansha, 880
Shogakukan Productions, 884
Bandai Visual, 888
Victor Entertainment, 890
Aniplex, 908
Square Enix, 908
Genco, 910
Starchild Records, 910
Tohokushinsha Film Corporation, 910
Fuji TV, 912
Yomiuri Advertising, 912
Trans Arts, 914
Kitty Films, 914
TBS, 914
Grouper Productions, 914
Studio Jack, 914
WOWOW, 916
Shochiku, 916
TV Tokyo, 918
Aniplex, 918
Dentsu, 918
Trinity Sound, 918
Audio Highs, 918
Miracle Robo, 918
Shueisha, 918
Rondo Robe, 920
Pioneer LDC, 920
Toshiba Entertainment, 920
Hasbro, 928
Aniplex, 930
Genco, 932
Geneon Universal Entertainment, 934
Frontier Works, 934
Sotsu, 934
DAX Production, 934
Bandai, 936
Bandai Visual, 938
Bee Media, 938
Dynamic Planning, 938
Starchild Records, 940
Yomiuri Advertising, 940
ASCII Media Works, 940
Geneon Universal Entertainment, 942
Mellow Head, 942
Imagica, 942
Mag Garden, 942
Tablier Communication, 942
On The Run, 942
Bandai Visual, 952
Dentsu, 952
Dynamic Planning, 956
Bandai Visual, 958
TBS, 958
Jade Animation, 960
TV Tokyo, 962
Shochiku, 962
Mag Garden, 962
m.o.e., 964
TV Asahi, 966
TV Tokyo, 970
d-rights, 970
Milky Animation Label, 972
Active, 972
SME Visual Works, 976
Bandai Visual, 978
Marubeni, 978
Dynamic Planning, 978
Lantis, 982
Happinet Pictures, 982
T.P.O, 988
Animax, 990
Sony Music Entertainment, 990
Pioneer LDC, 992
TV Asahi, 996
Nihon Ad Systems, 998
Movic, 998
Studio Nue, 1000
Bandai Visual, 1002
Pioneer LDC, 1006
GAGA, 1006
Pony Canyon, 1008
Fuji TV, 1008
Fuji TV, 1010
Bandai Visual, 1012
Magic Bus, 1012
Kadokawa Shoten, 1014
Broccoli, 1014
TBS, 1014
Pioneer LDC, 1014
Animate Film, 1016
Movic, 1016
Kadokawa Shoten, 1018
TBS, 1018
Aniplex, 1020
Marine Entertainment, 1024
Bandai Visual, 1026
Dentsu, 1028
Imagica, 1028
Shogakukan, 1028
Beyond C., 1028
Nichion, 1028
Daiei, 1030
Nippon Television Network, 1030
Yomiko Advertising, 1032
Tokyo Kids, 1036
Four Some, 1036
Pink Pineapple, 1038
Studio Comet, 1040
Victor Entertainment, 1042
Shueisha, 1042
Group TAC, 1046
WOWOW, 1048
Pioneer LDC, 1048
Toshiba Entertainment, 1048
Toshiba Digital Frontiers, 1048
Avex Entertainment, 1050
Dentsu, 1050
TV Asahi, 1050
KSS, 1052
Kitty Films, 1052
Nihon Ad Systems, 1056
Trinet Entertainment, 1058
Picture Magic, 1058
Pony Canyon, 1058
Group TAC, 1060
Pioneer LDC, 1060
Japan Home Video, 1062
Bandai Visual, 1064
Bee Media, 1064
Dynamic Planning, 1064
Studio Nue, 1068
Beyond C., 1072
NHK, 1078
Kodansha, 1078
Shelty, 1078
Bandai Visual, 1080
Genco, 1082
Lantis, 1082
Toshiba Entertainment, 1082
Studio Nue, 1088
Sotsu, 1090
Sotsu, 1092
Bandai Visual, 1096
VAP, 1096
Shochiku, 1096
Tohokushinsha Film Corporation, 1096
Kadokawa Shoten, 1100
Beyond C., 1106
TV Tokyo Music, 1108
Synergy Japan, 1110
Bandai Visual, 1116
Kadokawa Shoten, 1116
Studio Jack, 1118
Studio Jack, 1120
Studio Jack, 1122
Bandai Visual, 1124
WOWOW, 1124
BeSTACK, 1124
Bandai Visual, 1126
Genco, 1126
MediaNet, 1126
Media Factory, 1128
KlockWorx, 1128
Toshiba Entertainment, 1128
Kaname Productions, 1130
Yomiko Advertising, 1132
Fuji TV, 1132
TV Tokyo, 1138
Nihon Ad Systems, 1138
Nelvana, 1138
GDH, 1140
Dentsu, 1140
Media Factory, 1140
Shochiku, 1140
Victor Entertainment, 1140
Yahoo! Japan, 1140
Asahi Broadcasting, 1140
Genco, 1142
Fuji TV, 1142
Sony Music Entertainment, 1142
Shueisha, 1142
AIC, 1144
Genco, 1144
Pioneer LDC, 1144
Nippon Cultural Broadcasting, 1144
Pioneer LDC, 1146
Toei Video, 1148
Oz, 1148
Triangle Staff, 1150
Kadokawa Shoten, 1150
Marubeni, 1150
Sanctuary, 1152
GDH, 1156
Media Factory, 1156
Victor Entertainment, 1158
Nikkatsu, 1160
Sanctuary, 1160
Kadokawa Shoten, 1162
Animate Film, 1166
Sega, 1166
d-rights, 1168
Kadokawa Shoten, 1170
Marubeni, 1170
SoftX, 1172
E&amp;G Films, 1172
KSS, 1176
Darts, 1178
Kadokawa Shoten, 1180
Marubeni, 1180
Nippon Columbia, 1180
Bandai Visual, 1182
Animate Film, 1182
Movic, 1182
SoftX, 1184
Studio Tulip, 1184
TV Tokyo, 1186
Genco, 1186
Pioneer LDC, 1186
Shuuhei Morita, 1192
Bandai Visual, 1196
SKY Perfect Well Think, 1196
Kids Station, 1196
DAX Production, 1196
Three Fat Samurai, 1198
Sol Blade, 1198
TBS, 1200
Trans Arts, 1202
Banpresto, 1202
Bandai Visual, 1204
Ai ga areba Daijobu, 1204
Group TAC, 1206
NHK, 1210
Victor Entertainment, 1210
Sav! The World Productions, 1212
TV Asahi, 1214
Soft Garage, 1216
Starchild Records, 1218
Marvelous, 1222
Pony Canyon, 1222
Delfi Sound, 1222
Broccoli, 1224
Teichiku Entertainment, 1228
Bandai Visual, 1230
Bandai Visual, 1232
Lantis, 1234
G&amp;G Entertainment, 1246
AT-X, 1248
TV Tokyo, 1250
Geneon Universal Entertainment, 1250
Sotsu, 1250
Victor Entertainment, 1250
Group TAC, 1252
NHK, 1252
Bandai Visual, 1262
Mainichi Broadcasting System, 1262
Big West, 1262
Hero Communication, 1262
Shogakukan, 1262
Broccoli, 1268
Bandai Visual, 1270
Network, 1270
Daiei, 1272
Daiei, 1274
Starchild Records, 1276
Nihon Falcom, 1276
Urban Product, 1276
Toho, 1280
TBS, 1284
Nippon Columbia, 1286
Tohokushinsha Film Corporation, 1288
Bandai Visual, 1290
Shochiku, 1290
Tohokushinsha Film Corporation, 1290
Dentsu, 1292
Victor Entertainment, 1292
Pony Canyon, 1292
Fuji TV, 1292
Pony Canyon, 1296
Pony Canyon, 1298
Pony Canyon, 1300
Sotsu, 1312
TV Tokyo Music, 1312
Fuji TV, 1314
Aniplex, 1316
Trans Arts, 1316
MediaNet, 1316
Youmex, 1324
Pink Pineapple, 1332
Animate Film, 1336
Sony Music Entertainment, 1338
Sanctuary, 1338
Movic, 1340
Sony Music Entertainment, 1340
Dynamic Planning, 1342
Bandai Visual, 1346
Youmex, 1346
Artmic, 1348
AnimEigo, 1348
Imagica, 1350
Japan Home Video, 1352
Animac, 1360
JapanAnime, 1360
Yamamura Animation, Inc., 1370
Bandai Visual, 1372
TBS, 1372
Kodansha, 1372
Nichion, 1372
AIC, 1380
SOEISHINSHA, 1384
Discovery, 1386
D3, 1388
Discovery, 1388
Mainichi Broadcasting System, 1398
Studio Nue, 1398
Mainichi Broadcasting System, 1400
Studio Nue, 1400
Studio Kyuuma, 1402
NuTech Digital, 1402
Triple X, 1402
Silky’s, 1404
Himajin Planning, 1404
Digital Works, 1406
Pink Pineapple, 1408
Bee Train, 1410
TMS Entertainment, 1412
Group TAC, 1412
VAP, 1416
Tohokushinsha Film Corporation, 1416
VAP, 1418
Tokyo Movie Shinsha, 1420
VAP, 1422
TMS Entertainment, 1422
Tohokushinsha Film Corporation, 1422
Tokyo Movie Shinsha, 1428
Toho, 1428
Tokyo Movie Shinsha, 1430
Tokyo Movie Shinsha, 1432
Toho, 1432
VAP, 1434
TMS Entertainment, 1434
VAP, 1436
Tokyo Movie Shinsha, 1436
Tohokushinsha Film Corporation, 1436
Tokyo Movie Shinsha, 1438
AIC, 1440
Youmex, 1440
Kadokawa Shoten, 1442
TBS, 1442
AIC, 1444
Pioneer LDC, 1444
Bandai Visual, 1450
TBS, 1452
CBS, 1452
WOWOW, 1454
Victor Entertainment, 1456
Fuji TV, 1456
Pioneer LDC, 1456
Starchild Records, 1460
Bandai Visual, 1462
Shochiku, 1462
Victor Entertainment, 1462
Kodansha, 1462
Tezuka Productions, 1466
Sony Music Entertainment, 1466
Image Kei, 1466
Toho, 1468
Shueisha, 1468
Aniplex, 1470
Konami, 1480
TV Tokyo, 1482
Aniplex, 1482
Dentsu, 1482
Half H.P Studio, 1482
Sony Music Entertainment, 1482
Studio Jack, 1482
Animate Film, 1484
TV Tokyo, 1486
Nihon Ad Systems, 1486
Pony Canyon, 1486
Ginga Ya, 1490
Studio Kyuuma, 1490
Trilogy Future Studio, 1490
Akita Shoten, 1494
Toshiba Entertainment, 1498
Happinet Pictures, 1498
Bandai Visual, 1500
APPP, 1502
Pioneer LDC, 1502
Studio Tulip, 1502
Big West, 1504
TV Asahi, 1508
Nagoya TV Housou, 1508
Green Bunny, 1510
NuTech Digital, 1512
Media Factory, 1514
KlockWorx, 1514
Toshiba Entertainment, 1514
Shogakukan Productions, 1516
Viz Media, 1516
G&amp;G Entertainment, 1516
MediaNet, 1516
Sony Music Entertainment, 1516
Animax, 1520
Akita Shoten, 1520
Tohokushinsha Film Corporation, 1524
Shogakukan Productions, 1526
Studio Jack, 1526
Tokyo Kids, 1528
Victor Entertainment, 1528
Pony Canyon, 1530
TBS, 1530
Movic, 1530
Bandai Visual, 1532
Lantis, 1532
Movic, 1532
Asahi Broadcasting, 1534
Geneon Universal Entertainment, 1536
Yomiko Advertising, 1536
Shueisha, 1536
GDH, 1538
Sotsu Music Publishing, 1538
VAP, 1540
Group TAC, 1540
Studio Jack, 1540
Bandai Visual, 1542
WOWOW, 1542
Bandai Visual, 1544
GANSIS, 1546
Fuji TV, 1548
Fuji TV, 1550
Group TAC, 1552
Bandai Visual, 1554
Lantis, 1554
TBS, 1554
Mag Garden, 1554
Bandai Visual, 1556
AIC, 1558
Green Bunny, 1558
GAGA, 1560
TV Tokyo, 1564
Shogakukan Productions, 1564
TV Tokyo Music, 1564
Studio Jack, 1564
TV Asahi, 1568
Square Enix, 1568
Lantis, 1568
Movic, 1568
Delfi Sound, 1570
Nihon Ad Systems, 1574
Bandai Visual, 1576
Lantis, 1578
Media Factory, 1578
Koei, 1578
Bandai Visual, 1580
Aniplex, 1582
Group TAC, 1582
Sony Music Entertainment, 1582
Bandai Visual, 1584
Kodansha, 1592
Fuji TV, 1592
Sony Music Entertainment, 1592
Aniplex, 1594
SKY Perfect Well Think, 1594
Bandai Visual, 1596
Lantis, 1596
Artmic, 1598
Tokyo Kids, 1598
Bandai Visual, 1600
Lantis, 1600
Broccoli, 1600
Sunny Side Up, 1600
Happinet Pictures, 1602
TV Tokyo, 1604
Dentsu, 1604
Marvelous, 1604
Pony Canyon, 1604
d-rights, 1604
Yomiuri Telecasting, 1606
Tohokushinsha Film Corporation, 1606
Bandai Visual, 1608
TBS, 1608
81 Produce, 1608
Shueisha, 1608
TV Tokyo, 1614
Kadokawa Shoten, 1618
KSS, 1620
Tokyo Movie Shinsha, 1620
Aniplex, 1622
SME Visual Works, 1622
AT-X, 1628
Dynamic Planning, 1628
KSS, 1630
Discovery, 1632
Pink Pineapple, 1634
Silky’s, 1634
NuTech Digital, 1634
Pink Pineapple, 1636
Fuji TV, 1638
TV Tokyo Music, 1642
Front Line, 1644
AC Create, 1644
Cosmic Ray, 1644
BEAM Entertainment, 1644
NichiNare, 1644
Media Factory, 1648
KlockWorx, 1648
Toshiba Entertainment, 1648
Tohokushinsha Film Corporation, 1650
Academy Productions, 1650
Yomiuri Advertising, 1650
Yomiuri Telecasting, 1652
Academy Productions, 1652
Bandai Visual, 1654
Lantis, 1654
Shogakukan Productions, 1658
Toho, 1658
Pony Canyon, 1660
TV Asahi, 1666
d-rights, 1668
Yomiko Advertising, 1670
d-rights, 1670
Nagoya TV Housou, 1672
Nihon Ad Systems, 1674
Fuji TV, 1674
Studio Jack, 1674
AT-X, 1676
TV Tokyo, 1678
Avex Entertainment, 1678
Alchemist, 1682
Genco, 1684
Animax, 1684
TV Tokyo, 1686
Dentsu, 1686
Shueisha, 1686
Sotsu Music Publishing, 1690
Rikuentai, 1692
Marvelous, 1696
Dentsu, 1698
Genco, 1698
Kodansha, 1698
Fuji TV, 1698
Magic Capsule, 1698
Sony Music Entertainment, 1698
Fuji Pacific Music Publishing, 1698
Green Bunny, 1702
Bandai Visual, 1704
TV Tokyo, 1706
Vega Entertainment, 1706
Magic Bus, 1708
Dynamic Planning, 1708
TV Tokyo, 1710
Shogakukan Productions, 1710
Nihon Ad Systems, 1710
Half H.P Studio, 1710
Plum, 1712
Broccoli, 1718
Chaos Project, 1720
Square Enix, 1722
Konami, 1724
Yomiko Advertising, 1724
Delfi Sound, 1724
Media Factory, 1726
Toshiba Entertainment, 1726
TV Tokyo, 1728
Starchild Records, 1732
GANSIS, 1732
TMS-Kyokuchi, 1736
Geneon Universal Entertainment, 1738
Yomiuri Telecasting, 1738
Yomiuri Advertising, 1738
Toshiba Entertainment, 1738
TV Asahi, 1740
Universal Pictures Japan, 1740
Kodansha, 1742
Fuji TV, 1742
Trinity Sound, 1744
Tokyo Kids, 1746
Broccoli, 1748
TBS, 1754
TBS, 1756
Tokyo Movie Shinsha, 1760
Production I.G, 1762
Kadokawa Shoten, 1762
Movic, 1762
Sony Music Entertainment, 1762
Aubec, 1762
Konami, 1766
Kadokawa Shoten, 1766
SME Visual Works, 1768
Discovery, 1770
BEAM Entertainment, 1772
Bandai Visual, 1774
Heewon Entertainment, 1778
Pink Pineapple, 1780
Pink Pineapple, 1782
Pink Pineapple, 1784
Toei Video, 1786
Milky Animation Label, 1788
WOWOW, 1792
Studio Nue, 1794
Atelier Musa, 1796
DAX Production, 1798
Nihon Ad Systems, 1800
VAP, 1802
Studio Jack, 1802
TV Tokyo, 1806
Sotsu, 1806
Zero-G Room, 1806
Broccoli, 1808
Nihon Ad Systems, 1808
Pony Canyon, 1808
Studio Kelmadick, 1808
Geneon Universal Entertainment, 1810
AT-X, 1810
KlockWorx, 1810
Studio Mausu, 1810
Toshiba Entertainment, 1810
RAMS, 1812
Fanworks, 1812
VAP, 1818
Avex Entertainment, 1818
Nippon Television Network, 1818
VAP, 1820
AIC, 1822
RCC Chugoku Broadcasting, 1824
Geneon Universal Entertainment, 1826
Dentsu, 1826
Genco, 1826
Kodansha, 1826
Half H.P Studio, 1826
Lantis, 1830
Youmex, 1832
Toshiba EMI, 1832
Pink Pineapple, 1834
Memory-Tech, 1836
Radix, 1838
Soft Garage, 1838
Genco, 1840
Media Factory, 1840
Shochiku, 1840
Happinet Pictures, 1840
NHK, 1842
Bandai Visual, 1844
NHK, 1846
Aniplex, 1852
Lantis, 1852
TBS, 1852
Movic, 1852
Houbunsha, 1852
Lantis, 1856
Age, 1856
Rakuonsha, 1856
Starchild Records, 1858
KlockWorx, 1858
ASCII Media Works, 1858
Trinity Sound, 1860
Rakuonsha, 1862
Kids Station, 1864
Koei, 1864
AIC, 1866
Happinet Pictures, 1868
Nagoya TV Housou, 1868
Asahi Broadcasting, 1868
m.o.e., 1874
NHK, 1878
AIC Spirits, 1882
Bandai Visual, 1884
Hal Film Maker, 1886
Nihon Ad Systems, 1886
Bandai Visual, 1890
Kodansha, 1890
NHK, 1892
Nihon Ad Systems, 1894
Milky Animation Label, 1896
Tokyo Kids, 1900
Sony Music Entertainment, 1900
Yumeta Company, 1904
Yumeta Company, 1906
Daiei, 1908
VAP, 1910
Shogakukan Productions, 1910
GDH, 1912
Tokyo Kids, 1912
Sotsu Music Publishing, 1912
NHK, 1914
Sogo Vision, 1914
Bandai Visual, 1916
AIC, 1918
Kitty Films, 1920
Kitty Films, 1922
Kitty Films, 1924
TBS, 1926
Toho, 1928
Asatsu DK, 1930
Asahi Broadcasting, 1932
Kadokawa Shoten, 1938
Phoenix Entertainment, 1938
Tatsunoko Production, 1940
Happinet Pictures, 1942
Movic, 1944
Asahi Broadcasting, 1946
Polygram Japan, 1954
Kodansha, 1954
TMS-Kyokuchi, 1954
Genco, 1956
Atelier Musa, 1956
Gigno Systems, 1956
Sotsu, 1960
Bandai Visual, 1962
Radix, 1964
Sega, 1964
Daiei, 1966
Sotsu, 1968
TMS Entertainment, 1974
MediaNet, 1974
Bandai Visual, 1978
Mushi Production, 1984
Starchild Records, 1988
Tohokushinsha Film Corporation, 1988
Bandai Visual, 1992
Zero-G Room, 1992
Bee Train, 1994
Nihon Ad Systems, 1996
Aniplex, 2000
TV Asahi, 2000
Movic, 2000
Sony Music Entertainment, 2000
Starchild Records, 2002
VAP, 2004
Nippon Television Network, 2004
TBS, 2010
Kodansha, 2010
TV Asahi, 2012
Kodansha, 2014
OB Planning, 2016
Ginga Ya, 2024
TV Tokyo, 2026
Shogakukan Productions, 2026
Studio Tulip, 2026
Toshiba EMI, 2028
Victor Entertainment, 2030
Trans Arts, 2032
Nagoya TV Housou, 2032
TBS, 2034
TAP, 2034
Sony Music Entertainment, 2034
Shueisha, 2034
Nichion, 2034
Group TAC, 2036
Yomiko Advertising, 2036
Youmex, 2040
Kadokawa Shoten, 2042
Kodansha, 2044
VAP, 2048
Studio Fantasia, 2050
Youmex, 2050
Group TAC, 2052
Magic Bus, 2054
Nippon Columbia, 2058
Movic, 2060
Sony Music Entertainment, 2060
Movic, 2062
CBS, 2062
Artmic, 2064
Movic, 2066
AIC, 2068
Artmic, 2068
KSS, 2072
Studio Comet, 2074
Dentsu, 2076
Yomiuri Telecasting, 2076
Tokyo Kids, 2078
Sega, 2078
Sanctuary, 2078
Filmlink International, 2088
Bandai Visual, 2090
Mainichi Broadcasting System, 2090
Shueisha, 2092
Kadokawa Shoten, 2094
Network, 2094
VAP, 2098
Toho, 2098
Kadokawa Shoten, 2100
Victor Entertainment, 2100
Imagica, 2100
Pioneer LDC, 2100
Half H.P Studio, 2100
KSS, 2102
TV Tokyo, 2104
AIC, 2104
Square Enix, 2104
Sotsu, 2104
Bandai Visual, 2106
TV Tokyo, 2108
Shogakukan Productions, 2108
TV Tokyo, 2110
Shogakukan Productions, 2110
Shogakukan Music &amp; Digital Entertainment, 2110
Sotsu, 2112
Pony Canyon, 2112
TV Tokyo, 2116
Studio Jack, 2116
CBS, 2116
Group TAC, 2118
Group TAC, 2120
Yomiko Advertising, 2122
Shueisha, 2122
Tohokushinsha Film Corporation, 2128
Imagin, 2130
Lantis, 2130
Index, 2130
Universal Pictures Japan, 2130
ASCII Media Works, 2132
Milky Animation Label, 2134
JapanAnime, 2134
Digital Works, 2140
Pony Canyon, 2142
KlockWorx, 2148
Happinet Pictures, 2148
TV Tokyo, 2150
Starchild Records, 2150
Sunny Side Up, 2152
Index, 2152
Universal Pictures Japan, 2152
Aniplex, 2154
Tokyo MX, 2154
Beyond C., 2154
Nelvana, 2156
Aniplex, 2158
Mainichi Broadcasting System, 2158
SKY Perfect Well Think, 2158
Nihon Ad Systems, 2162
Bandai Visual, 2164
NHK, 2164
Tokuma Shoten, 2164
m.o.e., 2166
Media Factory, 2166
Half H.P Studio, 2166
Houbunsha, 2166
Index, 2166
Toranoana, 2166
AIC, 2168
Sega, 2168
TV Asahi, 2172
Futabasha, 2172
gimik, 2176
Imagi, 2178
Youmex, 2180
Y.O.U.C, 2186
Green Bunny, 2188
Shinkuukan, 2188
Green Bunny, 2190
Shinkuukan, 2190
Y.O.U.C, 2194
Kaname Productions, 2196
AIC, 2198
Sotsu, 2200
Nagoya TV Housou, 2200
WOWOW, 2204
Bandai Visual, 2206
Broccoli, 2206
Silky’s, 2208
Media Factory, 2212
Avex Entertainment, 2214
Yomiuri Telecasting, 2214
Geneon Universal Entertainment, 2216
WOWOW, 2216
Akita Shoten, 2216
AIC, 2218
Fuji TV, 2222
Fuji TV, 2226
TV Tokyo, 2228
Shogakukan Productions, 2228
Animation 21, 2228
TV Asahi, 2230
Asatsu DK, 2230
KBS, 2232
Bee Media, 2234
Dynamic Planning, 2234
Kadokawa Shoten, 2236
Bandai, 2236
Memory-Tech, 2236
Happinet Pictures, 2236
On-Lead, 2238
Three Fat Samurai, 2244
Fuji TV, 2246
Bandai, 2248
TV Tokyo Music, 2248
Nippon Columbia, 2250
Hiro Media, 2250
Dynamic Planning, 2252
Sotsu, 2254
Ashi Production, 2256
Shochiku, 2264
Y.O.U.C, 2266
Hasbro, 2268
AKOM, 2268
Madhouse, 2274
Milky Animation Label, 2276
T-Rex, 2276
Starchild Records, 2278
Imagica, 2278
TV Tokyo, 2280
Aniplex, 2280
TV Tokyo Music, 2280
TV Tokyo, 2284
Nihon Ad Systems, 2284
Tokyo Movie Shinsha, 2286
Asahi Production, 2288
GANSIS, 2288
Audio Tanaka, 2288
Nichion, 2288
Artmic, 2292
Mainichi Broadcasting System, 2294
KSS, 2308
Tezuka Productions, 2312
TOHO animation, 2314
TV Tokyo, 2316
DOGA Productions, 2316
Animate Film, 2318
Movic, 2318
Sony Music Entertainment, 2318
Bandai Visual, 2322
Phoenix Entertainment, 2322
Digital Works, 2324
NuTech Digital, 2328
KSS, 2332
Movic, 2332
Sony Music Entertainment, 2332
NHK, 2334
Gakken, 2334
Phoenix Entertainment, 2340
Shogakukan Productions, 2346
Amuse, 2346
Pink Pineapple, 2348
Pink Pineapple, 2350
Green Bunny, 2352
Kodansha, 2354
Dynamic Planning, 2354
Aniplex, 2356
Dynamic Planning, 2356
TV Tokyo, 2362
Idea Factory, 2362
Plum, 2364
Sotsu, 2366
Youmex, 2366
Jinnan Studio, 2366
NuTech Digital, 2368
Milky Animation Label, 2370
Y.O.U.C, 2370
Milky Animation Label, 2372
JapanAnime, 2372
NuTech Digital, 2374
Pink Pineapple, 2378
Himajin Planning, 2378
Digital Works, 2380
Y.O.U.C, 2380
Madhouse, 2382
TV Tokyo, 2382
CBC, 2390
Nintendo, 2390
Cranberry, 2394
Milky Animation Label, 2396
T-Rex, 2396
JapanAnime, 2396
Bandai, 2398
Fuji TV, 2402
Nihon Ad Systems, 2404
Fuji TV, 2406
Kadokawa Shoten, 2408
Nihon Ad Systems, 2408
Pink Pineapple, 2410
Milky Animation Label, 2412
Tohokushinsha Film Corporation, 2414
Shogakukan Productions, 2416
Sotsu, 2416
Bandai Visual, 2418
Shochiku, 2418
Sony Music Entertainment, 2418
Hakuhodo DY Media Partners, 2418
Bandai Visual, 2420
OB Planning, 2422
NHK, 2424
Sanrio, 2428
Discovery, 2430
Active, 2432
D3, 2432
Animac, 2434
JapanAnime, 2434
APPP, 2436
Milky Animation Label, 2438
Y.O.U.C, 2440
Pink Pineapple, 2442
Lemon Heart, 2444
Milky Animation Label, 2446
JapanAnime, 2446
Bandai Visual, 2448
Tokuma Shoten, 2448
TV Asahi, 2450
Asatsu DK, 2450
Tezuka Productions, 2456
Kitty Films, 2460
Artmic, 2466
Toshiba EMI, 2466
Shueisha, 2468
TV Tokyo, 2472
Aniplex, 2472
Dentsu, 2472
Bandai, 2472
Shueisha, 2472
Starchild Records, 2474
Animate Film, 2474
Movic, 2474
Avex Entertainment, 2476
Marvelous, 2476
Lantis, 2476
Pony Canyon, 2476
Triple X, 2480
Animate Film, 2482
Network, 2482
Yomiko Advertising, 2484
Tokyo Movie Shinsha, 2486
Kadokawa Shoten, 2494
Digital Works, 2506
Genco, 2508
Lantis, 2508
Media Factory, 2508
Kids Station, 2508
Magic Capsule, 2508
Palm Studio, 2508
Showgate, 2508
TV Tokyo, 2510
Bandai Visual, 2516
Movic, 2516
Bandai Visual, 2518
SKY Perfect Well Think, 2518
Kids Station, 2518
DAX Production, 2518
Triangle Staff, 2522
Movic, 2524
Ashi Production, 2526
Toho, 2526
Studio Fantasia, 2528
Animate Film, 2528
Green Bunny, 2530
Digital Works, 2532
Y.O.U.C, 2532
Yumeta Company, 2534
Yumeta Company, 2536
KENMedia, 2538
Y.O.U.C, 2540
TV Asahi, 2542
Asatsu DK, 2542
Tezuka Productions, 2550
Shogakukan Productions, 2552
Toei Video, 2552
Tohokushinsha Film Corporation, 2552
Shogakukan, 2552
TV Tokyo, 2556
Tezuka Productions, 2556
Yomiko Advertising, 2562
Pony Canyon, 2562
Fuji TV, 2562
DAX Production, 2562
Nagoya TV Housou, 2564
Viz Media, 2566
Visual 80, 2568
Tokyo Movie Shinsha, 2570
TV Tokyo, 2582
Shinkuukan, 2588
Green Bunny, 2590
Studio Kyuuma, 2590
NuTech Digital, 2590
Animate Film, 2592
Studio Tulip, 2592
Sony Music Entertainment, 2594
Cyclone Graphics inc, 2594
WOWOW, 2596
Pony Canyon, 2596
Showgate, 2596
TYO, 2596
Mag Garden, 2596
Sotsu, 2598
Starchild Records, 2598
Starchild Records, 2600
Geneon Universal Entertainment, 2602
Marvelous, 2602
Pony Canyon, 2602
Pony Canyon Enterprise, 2602
Konami, 2604
OB Planning, 2608
Pink Pineapple, 2610
Gakken, 2612
Tokyo Movie Shinsha, 2618
Bee Train, 2620
TV Tokyo, 2620
Yomiko Advertising, 2620
Cookie Jar Entertainment, 2620
Tokuma Japan, 2622
Tokyo Movie Shinsha, 2624
Asatsu DK, 2630
Asatsu DK, 2632
Asatsu DK, 2634
Asatsu DK, 2638
Asatsu DK, 2640
Asatsu DK, 2644
TV Asahi, 2648
TV Asahi, 2650
TV Asahi, 2658
TV Asahi, 2662
Asatsu DK, 2668
Victor Entertainment, 2688
Bandai Visual, 2690
Bandai Visual, 2692
Dynamic Planning, 2692
VAP, 2694
Nippon Television Network, 2694
Studio Nue, 2696
VAP, 2698
Toho, 2698
Studio Tron, 2704
Bandai Visual, 2714
TBS, 2716
Studio Nue, 2722
Hakusensha, 2726
Big Bang, 2726
Agent 21, 2730
Bandai Visual, 2732
NHK, 2732
Bandai, 2732
Bee Media, 2734
Dynamic Planning, 2734
TV Tokyo, 2736
Shogakukan Productions, 2736
SoftX, 2736
Studio Jack, 2736
NHK, 2738
TV Tokyo, 2742
Geneon Universal Entertainment, 2742
Dentsu, 2742
WAO World, 2742
Future Planet, 2742
Lantis, 2744
Avex Entertainment, 2746
Shogakukan Productions, 2746
Shochiku, 2746
TBS, 2746
Yahoo! Japan, 2746
Shogakukan, 2746
Production I.G, 2752
Toei Video, 2754
Agent 21, 2754
Yellow Film, 2756
Toho, 2762
TV Tokyo, 2766
Dentsu, 2766
Genco, 2766
Victor Entertainment, 2768
Square Enix, 2772
Genco, 2772
Tohokushinsha Film Corporation, 2772
Idea Factory, 2776
Idea Factory, 2778
Animate Film, 2780
Movic, 2780
Sony Music Entertainment, 2780
KSS, 2782
TV Tokyo, 2786
Dentsu, 2786
Studio Signal, 2790
Dynamic Planning, 2790
Pink Pineapple, 2794
San-X, 2796
Big West, 2804
TV Setouchi, 2804
Avaco Creative Studios, 2806
NHK, 2810
Gakken, 2810
Aubec, 2810
TV Tokyo, 2814
Studio Nue, 2816
Atelier Musa, 2818
Kodansha, 2824
TV Tokyo, 2826
Asatsu DK, 2834
Mushi Production, 2836
Pink Pineapple, 2838
AIC, 2838
AIC, 2840
Nintendo of America, 2842
Dentsu, 2848
TV Asahi, 2848
Shochiku, 2848
Sony Music Entertainment, 2848
Dentsu Tec, 2848
Pink Pineapple, 2852
Kitty Films, 2858
Himajin Planning, 2858
Discovery, 2862
NuTech Digital, 2864
Pixy, 2866
Studio Ten Carat, 2866
Anime Antenna Iinkai, 2866
Kitty Media, 2868
Discovery, 2872
Sanrio, 2876
Dentsu, 2890
d-rights, 2890
Toho, 2890
Digital Works, 2894
Milky Animation Label, 2896
T-Rex, 2896
JapanAnime, 2896
Bandai Visual, 2904
Mainichi Broadcasting System, 2904
Bandai, 2904
Bandai Namco Entertainment, 2904
Hakuhodo DY Media Partners, 2904
Tokyo Movie Shinsha, 2906
Studio Flag, 2910
Asahi Broadcasting, 2912
TV Tokyo, 2916
Yomiuri Advertising, 2916
Rondo Robe, 2924
Marvelous, 2926
Pony Canyon, 2926
Happinet Pictures, 2926
5pb., 2926
Bandai Visual, 2928
CyberConnect2, 2928
Trans Arts, 2930
Tohokushinsha Film Corporation, 2930
Sotsu, 2934
Radix, 2934
Youmex, 2938
Big West, 2938
Media Factory, 2942
Shochiku, 2942
AT-X, 2942
TV Tokyo Music, 2942
TYO, 2942
Mag Garden, 2942
Y.O.U.C, 2944
Blue Eyes, 2946
Studio Jack, 2950
Nippon Television Network, 2950
NuTech Digital, 2956
Milky Animation Label, 2958
Milky Animation Label, 2960
Bandai Visual, 2962
BeSTACK, 2964
Memory-Tech, 2964
Showgate, 2964
Victor Entertainment, 2966
Pony Canyon, 2966
Movic, 2966
Kadokawa Pictures Japan, 2966
Hal Film Maker, 2970
TYO, 2970
Animate Film, 2972
Movic, 2972
Sony Music Entertainment, 2972
Project Team Eikyuu Kikan, 2972
Toshiba EMI, 2974
Kaname Productions, 2974
Bee Media, 2978
Dynamic Planning, 2978
Discovery, 2982
Square Enix, 2986
d-rights, 2986
Studio Tulip, 2986
KlockWorx, 2986
flying DOG, 2986
Milky Animation Label, 2988
Shinkuukan, 2988
JapanAnime, 2988
Obtain Future, 2990
Shueisha, 2994
Kadokawa Shoten, 2998
Tezuka Productions, 2998
Tohokushinsha Film Corporation, 2998
TBS, 3000
VAP, 3002
Nippon Television Network, 3002
Lantis, 3004
Tokyo Kids, 3004
TV Asahi, 3006
Yumeta Company, 3006
Toho, 3010
Bandai Visual, 3012
Tokuma Shoten, 3016
Fuji TV, 3024
Animate Film, 3026
Milky Animation Label, 3034
JapanAnime, 3034
Mushi Production, 3038
Shinyusha, 3040
Nippon Television Network, 3044
Digital Works, 3046
Y.O.U.C, 3046
Milky Animation Label, 3048
Green Bunny, 3050
Discovery, 3050
Green Bunny, 3056
Kitty Media, 3058
Milky Animation Label, 3062
NuTech Digital, 3066
CoMix Wave Films, 3070
BEAM Entertainment, 3074
Pink Pineapple, 3078
Animate Film, 3080
Frontier Works, 3088
BMG Japan, 3088
AIC, 3090
Frontier Works, 3092
Kadokawa Shoten, 3092
Memory-Tech, 3092
Romantica club !!, 3092
NuTech Digital, 3094
TV Tokyo, 3098
Bandai Visual, 3098
Lantis, 3098
Pink Pineapple, 3102
TV Osaka, 3104
Plum, 3104
Milky Animation Label, 3108
TV Tokyo, 3110
Studio Kelmadick, 3112
TV Tokyo, 3114
Yomiko Advertising, 3114
Aubec, 3116
Kadokawa Shoten, 3120
Kokusai Eigasha, 3136
AIC, 3138
TV Asahi, 3138
Shinyusha, 3140
MS Pictures, 3140
Soft Garage, 3146
NEC Avenue, 3152
Nippon Columbia, 3154
Pink Pineapple, 3160
Four Some, 3164
Media Factory, 3166
AT-X, 3166
Enoki Films, 3166
5pb., 3166
Bandai Visual, 3174
Big West, 3176
Toshiba Entertainment, 3178
Yomiuri Telecasting, 3182
Toei Video, 3186
Radix, 3190
Studio OX, 3190
Kitty Films, 3192
Magic Bus, 3192
Fuji TV, 3194
TV Asahi, 3196
Sanrio, 3202
ANIK, 3210
On-Lead, 3210
Shueisha, 3214
Tokyo Kids, 3218
gimik, 3222
NHK, 3226
Starchild Records, 3228
Dentsu, 3230
Sotsu Music Publishing, 3230
Movic, 3232
Aniplex, 3234
Y.O.U.C, 3250
Pink Pineapple, 3254
Sunrise, 3256
Victor Entertainment, 3258
AIC, 3264
Pony Canyon, 3264
Nippon Television Network, 3272
Milky Animation Label, 3286
Y.O.U.C, 3286
Sotsu, 3288
Fuji TV, 3290
Wako Productions, 3294
Frontier Works, 3298
Sotsu, 3298
NuTech Digital, 3300
Adult Source Media, 3300
Milky Animation Label, 3302
Active, 3308
Fuji TV, 3312
Age, 3318
Kadokawa Shoten, 3322
NTT Docomo, 3322
D3, 3324
Studio 9 MAiami, 3324
Shochiku, 3326
Yamamura Animation, Inc., 3326
Avex Entertainment, 3328
Marvelous, 3328
Lantis, 3328
Pony Canyon, 3328
Y.O.U.C, 3334
VAP, 3342
Sotsu, 3342
Genco, 3342
AT-X, 3342
Showgate, 3342
Schoolzone, 3350
Nihon Ad Systems, 3354
Yomiko Advertising, 3358
Pony Canyon, 3358
Half H.P Studio, 3358
Shueisha, 3358
Sega, 3362
Aniplex, 3366
Green Bunny, 3370
Five Ways, 3378
Filmlink International, 3378
JapanAnime, 3378
Y.O.U.C, 3380
Y.O.U.C, 3382
Milky Animation Label, 3384
Bandai Visual, 3390
Aniplex, 3392
Yumeta Company, 3392
Hakusensha, 3392
Koei, 3392
Pink Pineapple, 3396
Triple X, 3396
Nihon Ad Systems, 3398
Nippon Columbia, 3398
Audio Tanaka, 3398
APPP, 3402
TV Tokyo, 3418
Bandai Visual, 3420
Genco, 3420
Lantis, 3420
Rakuonsha, 3420
Digital Works, 3422
Pink Pineapple, 3428
NHK, 3434
Studio Jack, 3434
TBS, 3436
Fuji TV, 3438
NuTech Digital, 3442
Sony Pictures Entertainment, 3446
Capcom, 3446
Pony Canyon, 3448
Milky Animation Label, 3452
JapanAnime, 3452
Soft on Demand, 3454
Starchild Records, 3462
Yomiuri Advertising, 3462
Geneon Universal Entertainment, 3464
YTV, 3464
KlockWorx, 3464
AC Create, 3464
Yomiuri Advertising, 3464
Genco, 3466
Showgate, 3470
Mushi Production, 3472
Milky Animation Label, 3478
T-Rex, 3478
OB Planning, 3480
Kitty Films, 3484
Nagoya TV Housou, 3486
TV Asahi, 3488
Group TAC, 3496
Capcom, 3498
Shueisha, 3512
Grasshoppa!, 3516
Ai ga areba Daijobu, 3518
Tamura Shigeru Studio, 3518
BEAM Entertainment, 3526
Daiei, 3534
D3, 3536
Silky’s, 3538
CherryLips, 3538
Obtain Future, 3540
Y.O.U.C, 3542
Fuji TV, 3550
JapanAnime, 3556
NuTech Digital, 3560
NuTech Digital, 3562
BEAM Entertainment, 3562
NuTech Digital, 3564
NuTech Digital, 3566
Yomiuri Telecasting, 3568
Bandai Visual, 3572
Mainichi Broadcasting System, 3572
Big West, 3572
Frontier Works, 3574
Asatsu DK, 3576
Sega, 3576
4Kids Entertainment, 3576
Happinet Pictures, 3576
Nagoya TV Housou, 3576
Echo, 3578
NuTech Digital, 3578
Digital Works, 3580
Y.O.U.C, 3580
Discovery, 3582
Pink Pineapple, 3584
Pink Pineapple, 3586
NuTech Digital, 3586
TV Tokyo, 3588
Aniplex, 3588
Dentsu, 3588
Media Factory, 3588
Dwango, 3594
Bushiroad, 3594
Showgate, 3594
Good Smile Company, 3594
Youmex, 3596
Aniplex, 3604
Lantis, 3604
TBS, 3604
Movic, 3604
Houbunsha, 3604
Starchild Records, 3614
GANSIS, 3614
Geneon Universal Entertainment, 3616
Frontier Works, 3616
Rondo Robe, 3616
AT-X, 3616
KlockWorx, 3616
Kinyosha, 3616
Pixy, 3622
Anime Antenna Iinkai, 3622
Procidis, 3624
Digital Works, 3628
Y.O.U.C, 3628
TV Asahi, 3630
Pink Pineapple, 3636
Nagoya TV Housou, 3638
Toho, 3640
Takahashi Studio, 3640
Genco, 3642
Lantis, 3642
Nikkatsu, 3644
Magic Bus, 3646
Tokyo MX, 3646
Digital Works, 3648
Y.O.U.C, 3648
Geneon Universal Entertainment, 3652
Frontier Works, 3652
Sotsu, 3652
Movic, 3652
Media Factory, 3654
Sotsu, 3656
Genco, 3656
Artmic, 3670
TV Tokyo, 3672
Yomiko Advertising, 3672
TV Tokyo Music, 3672
Milky Animation Label, 3680
T-Rex, 3680
Studio Comet, 3690
Asahi Broadcasting, 3692
Sony Music Entertainment, 3702
Beyond C., 3702
Sotsu, 3704
Milky Animation Label, 3706
JapanAnime, 3706
Fuji TV, 3710
Sony Music Entertainment, 3710
Fuji Pacific Music Publishing, 3710
Group TAC, 3720
Nikkatsu, 3724
KSS, 3726
NHK, 3726
Himajin Planning, 3728
Dentsu, 3734
TV Asahi, 3734
Aniplex, 3736
TV Asahi, 3744
Magic Bus, 3768
Xebec, 3772
CinePix, 3772
Magic Bus, 3778
Notes, 3782
Gainax, 3784
KlockWorx, 3784
KlockWorx, 3786
Milky Animation Label, 3802
Nihon Ad Systems, 3806
Asatsu DK, 3806
Fuji TV, 3808
Meruhensha, 3810
TV Asahi, 3812
Sanrio, 3812
Nippon Columbia, 3816
Darts, 3816
NuTech Digital, 3824
Milky Animation Label, 3826
NuTech Digital, 3826
Idea Factory, 3832
NHK, 3836
Toho, 3836
Yomiko Advertising, 3838
Fuji TV, 3838
Studio Fantasia, 3840
Happinet Pictures, 3840
BIGLOBE, 3840
TV Asahi, 3846
Fuji Pacific Music Publishing, 3848
Shueisha, 3848
Bandai, 3858
TV Asahi, 3864
APPP, 3864
RCC Chugoku Broadcasting, 3866
Tokyo Movie Shinsha, 3868
Ashi Production, 3874
Kokusai Eigasha, 3880
AIC, 3882
VAP, 3886
Grouper Productions, 3886
Nintendo, 3886
Y.O.U.C, 3888
BEAM Entertainment, 3890
Dynamic Planning, 3898
Tele-Cartoon Japan, 3900
Y.O.U.C, 3902
Pink Pineapple, 3908
Toho, 3910
Pink Pineapple, 3916
Milky Animation Label, 3918
MS Pictures, 3918
Discovery, 3922
TV Asahi, 3932
Oh! Production, 3932
MS Pictures, 3940
Milky Animation Label, 3944
Kitty Media, 3944
T-Rex, 3944
Tokyo Movie Shinsha, 3946
Toho, 3946
NuTech Digital, 3950
Aniplex, 3958
Sony Music Entertainment, 3958
Ichijinsha, 3958
Aniplex, 3960
Sony Music Entertainment, 3962
Sotsu, 3964
Atelier Musa, 3964
Magic Bus, 3968
Milky Animation Label, 3970
T-Rex, 3970
Nihon Ad Systems, 3972
Aniplex, 3974
Shogakukan, 3974
Y.O.U.C, 3976
NuTech Digital, 3980
Phoenix Entertainment, 3982
Shochiku, 3990
Pixy, 3992
Anime Antenna Iinkai, 3992
Pixy, 3998
Anime Antenna Iinkai, 3998
Milky Animation Label, 4000
Himajin Planning, 4004
Pink Pineapple, 4010
Sanrio, 4024
Universal Studios, 4026
Studio Jack, 4026
Daiei, 4034
TV Tokyo, 4038
Geneon Universal Entertainment, 4038
Shogakukan Productions, 4038
Half H.P Studio, 4038
Daichi Doga, 4044
TV Tokyo, 4050
Yomiuri Advertising, 4050
TV Tokyo, 4052
Nihon Ad Systems, 4052
Nelvana, 4052
Bandai Visual, 4056
Kids Station, 4056
DAX Production, 4056
Shueisha, 4056
Toho, 4058
Kodansha, 4066
Sogo Vision, 4066
Magic Capsule, 4066
Happinet Pictures, 4066
Sony PCL, 4066
Tezuka Productions, 4070
Fuji TV, 4074
Hoso Seisaku Doga, 4074
Shinkuukan, 4078
Lantis, 4082
Pink Pineapple, 4084
Mushi Production, 4088
Fuji TV, 4088
Cyclone Graphics inc, 4094
flying DOG, 4106
Sunny Side Up, 4106
Studio Jack, 4106
Shounen Gahousha, 4106
Sanrio, 4112
Sanrio, 4114
Bandai Visual, 4130
Bandai Channel, 4130
Kokusai Eigasha, 4132
Bandai, 4134
Picture Magic, 4136
Dwango, 4136
Good Smile Company, 4136
Nippon Cultural Broadcasting, 4136
Life Work, 4138
Soyuzmultfilm, 4138
Victor Entertainment, 4150
Bandai Visual, 4162
TBS, 4162
Studio Fantasia, 4164
Studio Signal, 4164
Chaos Project, 4166
AIC, 4176
Movic, 4176
Sony Music Entertainment, 4176
NuTech Digital, 4178
Aniplex, 4182
Square Enix, 4182
AMG MUSIC, 4186
Yumeta Company, 4190
TV Tokyo, 4192
Geneon Universal Entertainment, 4192
Shogakukan Productions, 4192
Shogakukan Music &amp; Digital Entertainment, 4192
Genco, 4196
Media Factory, 4196
AT-X, 4196
Showgate, 4196
Toranoana, 4196
Zack Promotion, 4196
Dynamic Planning, 4198
Kodansha, 4202
Tokyo Movie Shinsha, 4208
Studio Jack, 4208
Kitty Films, 4210
TYO, 4210
GDH, 4214
Yomiko Advertising, 4214
Happinet Pictures, 4214
Shueisha, 4214
Sotsu Music Publishing, 4214
Geneon Universal Entertainment, 4220
Genco, 4224
Starchild Records, 4224
Magic Capsule, 4224
Yomiuri Advertising, 4224
TV Tokyo Music, 4224
Kokusai Eigasha, 4240
TV Tokyo, 4244
Kokusai Eigasha, 4244
AIC, 4252
Animate Film, 4252
Toshiba EMI, 4252
NuTech Digital, 4260
Sony Pictures Entertainment, 4264
Tezuka Productions, 4264
Notes, 4280
Notes, 4282
Group TAC, 4286
Five Ways, 4304
Obtain Future, 4310
TMS Entertainment, 4312
North Stars Pictures, 4312
Robot Communications, 4314
Robot Communications, 4316
AIC, 4318
VAP, 4320
Tohokushinsha Film Corporation, 4320
Studio Jack, 4320
Knack Productions, 4332
TV Tokyo, 4334
Dentsu, 4334
Square Enix, 4334
Milky Animation Label, 4340
D3, 4342
Studio 9 MAiami, 4342
CherryLips, 4350
Himajin Planning, 4356
Discovery, 4358
Pixy, 4360
Anime Antenna Iinkai, 4360
Walt Disney Studios, 4362
Milky Animation Label, 4364
Pink Pineapple, 4378
Kadokawa Shoten, 4382
Dynamic Planning, 4386
NuTech Digital, 4400
Dynamic Planning, 4406
Fuji TV, 4418
Tokyo Movie Shinsha, 4440
Shogakukan Productions, 4444
OB Planning, 4452
Yamamura Animation, Inc., 4458
Studio Rikka, 4460
Enoki Films, 4468
NHK, 4470
Studio Junio, 4470
Kadokawa Shoten, 4472
Movic, 4472
KlockWorx, 4472
Suzuki Mirano, 4480
Movic, 4484
Magic Bus, 4484
Dynamic Planning, 4486
NuTech Digital, 4488
Jam, 4492
MS Pictures, 4492
Milky Animation Label, 4494
Blue Eyes, 4496
Y.O.U.C, 4498
Pink Pineapple, 4502
TV Tokyo, 4504
Sotsu, 4504
Nagoya TV Housou, 4532
Bandai, 4534
Sotsu, 4536
SEK Studios, 4544
TBS, 4548
Flex Comix, 4550
Schoolzone, 4558
Pink Pineapple, 4560
AIC, 4560
Soft on Demand, 4562
Front Line, 4566
Pencil, 4566
Sotsu, 4574
Nagoya TV Housou, 4574
Victor Entertainment, 4578
Amino, 4586
Y.O.U.C, 4590
Media Blasters, 4590
Bandai Visual, 4596
Mainichi Broadcasting System, 4596
Pink Pineapple, 4600
T-Rex, 4600
Pink Pineapple, 4608
Geneon Universal Entertainment, 4618
Lemon Heart, 4638
Magic Bus, 4646
Sotsu, 4650
Victor Entertainment, 4650
Geneon Universal Entertainment, 4654
Square Enix, 4654
AT-X, 4654
ASCII Media Works, 4654
Kadokawa Contents Gate, 4654
Maru Production, 4660
Yumeta Company, 4662
Shochiku, 4682
VAP, 4684
Movic, 4688
Shueisha, 4688
T-Rex, 4698
Knack Productions, 4700
BEAM Entertainment, 4700
Pink Pineapple, 4714
Studio Fantasia, 4718
Sotsu, 4722
Pony Canyon, 4722
Hakusensha, 4722
TV Tokyo Music, 4722
Sotsu Music Publishing, 4726
Schoolzone, 4730
Marvelous, 4744
feng, 4744
Delfi Sound, 4744
Pony Canyon Enterprise, 4744
TV Tokyo, 4752
Aniplex, 4752
Sony Pictures Entertainment, 4756
Animate Film, 4756
Enoki Films, 4800
Pink Pineapple, 4802
Frontier Works, 4804
Frontier Works, 4814
Kadokawa Shoten, 4814
Memory-Tech, 4814
Romantica club !!, 4814
Himajin Planning, 4816
Pink Pineapple, 4818
Pink Pineapple, 4820
Knack Productions, 4824
Pink Pineapple, 4832
Pink Pineapple, 4834
AIC, 4834
Kadokawa Shoten, 4834
Pink Pineapple, 4840
Pink Pineapple, 4842
KSS, 4842
Triple X, 4842
Discovery, 4848
Natural High, 4866
Toei Video, 4876
Bandai Visual, 4884
Animax, 4884
Bandai Namco Games, 4884
Atelier Musa, 4884
Atelier Musa, 4886
Geneon Universal Entertainment, 4890
Geneon Universal Entertainment, 4896
Frontier Works, 4896
Sotsu, 4896
Movic, 4896
Aniplex, 4898
Square Enix, 4898
Yomiko Advertising, 4898
Mainichi Broadcasting System, 4898
Movic, 4898
Trinity Sound, 4898
Omnibus Japan, 4908
Sony Music Entertainment, 4908
Kodansha, 4918
Ashi Production, 4928
Kodansha, 4938
Bee Train, 4940
NHK, 4940
Sogo Vision, 4940
Tezuka Productions, 4966
Lantis, 5020
Studio Kikan, 5020
Yomiko Advertising, 5022
NHK, 5028
Frontier Works, 5030
Genco, 5030
Media Factory, 5030
AT-X, 5030
Omnibus Japan, 5030
Happinet Pictures, 5032
Square Enix, 5034
Starchild Records, 5034
AIC, 5036
VAP, 5040
Nippon Television Network, 5040
Pink Pineapple, 5054
Picture Magic, 5056
Frontier Works, 5060
DAX Production, 5060
Aniplex, 5074
Shogakukan, 5074
Sotsu, 5082
Nagoya TV Housou, 5082
Avex Entertainment, 5084
Shochiku, 5084
Enoki Films, 5088
Studio Nue, 5090
TV Asahi, 5096
Wako Productions, 5104
Jam, 5108
Half H.P Studio, 5112
Aniplex, 5114
Square Enix, 5114
Mainichi Broadcasting System, 5114
Studio Moriken, 5114
Kadokawa Shoten, 5118
TBS, 5132
Kodansha, 5132
Studio Kikan, 5140
Shueisha, 5150
Shueisha, 5152
Five Ways, 5154
Studio Rikka, 5158
Pink Pineapple, 5172
Pink Pineapple, 5190
NuTech Digital, 5190
Milky Animation Label, 5194
Animax, 5200
Notes, 5204
Lemon Heart, 5208
Himajin Planning, 5210
T-Rex, 5210
Digital Works, 5212
Y.O.U.C, 5212
Hot Bear, 5214
NTT Docomo, 5220
Atelier Musa, 5220
VAP, 5226
VAP, 5234
Trans Arts, 5238
Kaeruotoko Shokai, 5240
Tokyo Movie Shinsha, 5250
Dynamic Planning, 5250
Nintendo of America, 5256
Studio Jack, 5256
VAP, 5258
Kodansha, 5258
Nippon Television Network, 5258
San-X, 5260
TV Tokyo, 5262
Sotsu, 5262
Ashi Production, 5266
Atelier Musa, 5270
Group TAC, 5276
MediaNet, 5278
TV Aichi, 5278
Kadokawa Pictures Japan, 5290
Dynamic Planning, 5292
Aniplex, 5300
Nihon Ad Systems, 5300
Kids Station, 5304
OB Planning, 5308
Toshiba EMI, 5308
Toho, 5308
Studio Jack, 5308
Shogakukan, 5308
Valkyria, 5316
Anime Antenna Iinkai, 5316
Discovery, 5324
TV Tokyo, 5330
Vega Entertainment, 5330
Glams, 5330
TV Tokyo, 5342
Starchild Records, 5342
Raku High Student Council, 5342
Lantis, 5356
Pony Canyon, 5356
Magic Capsule, 5356
Bushiroad, 5356
Showgate, 5356
Good Smile Company, 5356
NHK, 5374
Digital Media Lab, 5374
Nagoya TV Housou, 5396
Pink Pineapple, 5398
Pink Pineapple, 5400
AIC, 5400
Obtain Future, 5402
Lemon Heart, 5408
NHK, 5420
Digital Works, 5424
Y.O.U.C, 5424
Studio Take Off, 5440
Nagoya TV Housou, 5440
Studio Jack, 5454
Shueisha, 5454
Shogakukan Productions, 5460
TMS Entertainment, 5460
Suzuki Mirano, 5464
Bandai Visual, 5466
Mushi Production, 5476
Tezuka Productions, 5476
Studio Comet, 5478
ACiD FiLM, 5492
Puzzle Animation Studio Limited, 5496
Lantis, 5504
Yomiko Advertising, 5504
Pony Canyon, 5504
Magic Capsule, 5504
SoftBank Creative Corp., 5504
T.O Entertainment, 5504
Sanrio, 5520
Digital Works, 5522
Y.O.U.C, 5522
Square Enix, 5530
TBS, 5530
flying DOG, 5530
Five Ways, 5544
E&amp;G Films, 5546
Pink Pineapple, 5566
Himajin Planning, 5568
Animac, 5576
JapanAnime, 5576
Studio Zain, 5584
Pink Pineapple, 5590
Fuji TV, 5594
Bandai, 5602
Pink Pineapple, 5610
Daiei, 5612
Tokyo Movie Shinsha, 5618
Dynamic Planning, 5620
Capcom, 5624
Fuji TV, 5630
Asmik Ace Entertainment, 5630
Sony Music Entertainment, 5630
Nihikime no Dozeu, 5644
Milky Animation Label, 5646
Knack Productions, 5648
Sotsu, 5652
Dynamic Planning, 5658
The National Film Center Japan, 5662
Pink Pineapple, 5664
Discovery, 5664
Houbunsha, 5670
Studio Jack, 5670
Pink Pineapple, 5674
NHK, 5678
NHK-BS2, 5678
Pony Canyon, 5680
TBS, 5680
Movic, 5680
Rakuonsha, 5680
Animation Do, 5680
Genco, 5682
Milky Animation Label, 5686
MS Pictures, 5686
Fuji TV, 5690
Sony Music Entertainment, 5690
TV Tokyo, 5712
Telescreen BV, 5712
Media Factory, 5734
Delfi Sound, 5734
Fuji TV, 5760
HoriPro, 5762
Marvelous, 5772
On-Lead, 5774
KENMedia, 5784
TV Asahi, 5830
Tokyo Movie Shinsha, 5834
Yomiuri Telecasting, 5834
Space Neko, 5842
Sanrio, 5848
Jade Animation, 5854
Tezuka Productions, 5862
Tezuka Productions, 5878
Space Neko, 5880
Kokusai Eigasha, 5886
D3, 5890
On-Lead, 5902
Shueisha, 5904
Starchild Records, 5914
TV Tokyo Music, 5914
Houbunsha, 5914
Toei Video, 5918
Akita Shoten, 5918
Toho, 5924
Grouper Productions, 5924
Magic Bus, 5930
Pony Canyon, 5934
Group TAC, 5936
Toho, 5936
Sanrio, 5938
Media Factory, 5940
AT-X, 5940
Earth Star Entertainment, 5940
Studio Comet, 5956
Tsuchida Productions, 5956
Kadokawa Shoten, 5958
Kadokawa Pictures Japan, 5958
KlockWorx, 5958
NTT Docomo, 5958
Aniplex, 5978
Fuji TV, 5984
Fuji Pacific Music Publishing, 5984
Sony PCL, 5984
Tokuma Shoten, 5990
Studio Comet, 5992
Animaruya, 5994
Dentsu, 5998
Pony Canyon, 5998
Fuji TV, 5998
Toho, 5998
CoMix Wave Films, 6000
TV Osaka, 6008
Sanrio, 6008
DAX Production, 6012
Animate Film, 6016
Avex Entertainment, 6030
Lantis, 6030
Bandai Visual, 6046
Studio Pastoral, 6050
Tele-Cartoon Japan, 6056
Shogakukan Music &amp; Digital Entertainment, 6062
Geneon Universal Entertainment, 6064
Frontier Works, 6064
Sotsu, 6064
Movic, 6064
Group TAC, 6072
Animate Film, 6076
Shueisha, 6076
Tokuma Shoten, 6078
Shogakukan Productions, 6090
Tamura Shigeru Studio, 6094
Sony Pictures Entertainment, 6098
Marvelous, 6098
Lantis, 6098
Pony Canyon, 6098
AT-X, 6098
Delfi Sound, 6098
Marvelous, 6112
VAP, 6114
Nippon Television Network, 6114
Nihon Ad Systems, 6116
Milky Animation Label, 6120
Digital Works, 6122
Y.O.U.C, 6122
Gakken, 6124
NHK, 6130
Indeprox, 6148
Takeshobo, 6148
indigo line, 6148
Square Enix, 6152
Creative Power Entertaining, 6156
Fuji TV, 6164
Fuji Pacific Music Publishing, 6164
AIC, 6166
Lantis, 6166
Media Factory, 6166
Pony Canyon, 6166
Rakuonsha, 6166
AT-X, 6166
KlockWorx, 6166
Ryukyu Asahi Broadcasting, 6166
Viz Media, 6178
Studio Jack, 6178
Studio Fantasia, 6184
Bandai, 6184
Pink Pineapple, 6194
Tokyo Movie Shinsha, 6198
Digital Works, 6220
Lantis, 6226
Tokuma Shoten, 6230
Bandai Visual, 6234
Lantis, 6234
Tezuka Productions, 6246
TBS, 6262
DAX Production, 6262
Takahashi Studio, 6276
International Digital Artist, 6280
Milky Animation Label, 6286
Bandai Visual, 6288
Sotsu, 6288
Mainichi Broadcasting System, 6288
TBS, 6312
AIC, 6318
Kadokawa Shoten, 6324
Kadokawa Pictures Japan, 6324
KlockWorx, 6324
NTT Docomo, 6324
Pink Pineapple, 6328
Bandai Visual, 6336
Kadokawa Shoten, 6336
Kitty Films, 6366
Sony Pictures Entertainment, 6372
Fuji TV, 6372
Asmik Ace Entertainment, 6372
Sony Music Entertainment, 6372
Aniplex, 6380
Pony Canyon, 6384
Primastea, 6392
Hot Bear, 6402
Studio Ten Carat, 6402
Lantis, 6408
Pony Canyon, 6408
Enterbrain, 6408
Kadokawa Contents Gate, 6408
T.O Entertainment, 6408
Fuji TV, 6412
Milky Animation Label, 6422
Innocent Grey, 6422
TV Tokyo, 6428
Dynamic Planning, 6428
TV Tokyo, 6444
Kokusai Eigasha, 6452
TV Asahi, 6460
Tokyo Movie Shinsha, 6468
Yomiuri Telecasting, 6468
Imagica, 6468
Fuji TV, 6472
Amuse, 6472
Sanrio, 6482
Shueisha, 6484
TV Asahi, 6496
Dynamic Planning, 6496
TAKI Corporation, 6500
Pony Canyon, 6512
TBS, 6512
Movic, 6512
Flex Comix, 6512
Sanrio, 6522
Toho, 6528
Sugar Boy, 6546
NHK, 6554
Milky Animation Label, 6558
Kids Station, 6560
Nippon Columbia, 6560
Group TAC, 6568
Omnibus Japan, 6568
Geneon Universal Entertainment, 6572
ASCII Media Works, 6572
Showgate, 6572
Starchild Records, 6574
Omnibus Japan, 6574
TV Tokyo Music, 6574
flying DOG, 6582
Yomiuri Telecasting, 6586
DAX Production, 6586
Shueisha, 6586
Pixy, 6590
Oz, 6590
ZIZ Entertainment (ZIZ), 6590
Anime Antenna Iinkai, 6590
Aniplex, 6594
Lantis, 6594
Kodansha, 6594
Movic, 6594
Fuji TV, 6594
Kadokawa Pictures Japan, 6604
Kansai Telecasting, 6604
Tokai Television, 6604
TV Tokyo, 6610
Bandai Visual, 6610
Dentsu, 6610
Kadokawa Pictures Japan, 6610
Enterbrain, 6610
Sony PCL, 6610
CoMix Wave Films, 6616
Green Bunny, 6622
Aniplex, 6624
Kodansha, 6624
Dentsu, 6634
Shochiku, 6634
Mainichi Broadcasting System, 6634
Pony Canyon, 6634
Movic, 6634
flying DOG, 6634
TV Asahi, 6636
Kokusai Eigasha, 6636
TV Tokyo, 6676
Starchild Records, 6676
Raku High Student Council, 6676
Kadokawa Pictures Japan, 6680
Marvelous, 6682
Pony Canyon, 6682
feng, 6682
Mushi Production, 6688
Milky Animation Label, 6690
AIC, 6690
Digital Works, 6692
TV Tokyo, 6702
Dentsu, 6702
Pony Canyon, 6702
Kodansha, 6702
DAX Production, 6702
Sakura Create, 6702
Genco, 6704
Media Factory, 6704
Hobby Japan, 6704
TV Tokyo Music, 6712
GANSIS, 6712
TV Asahi, 6728
Asahi Broadcasting, 6730
Aniplex, 6746
Square Enix, 6746
Mainichi Broadcasting System, 6746
Movic, 6746
ASCII Media Works, 6746
Sakura Create, 6746
Geneon Universal Entertainment, 6758
Sakura Create, 6758
Atelier Musa, 6758
Bandai Visual, 6772
Lantis, 6772
KlockWorx, 6772
Dentsu, 6774
Fuji TV, 6774
Asmik Ace Entertainment, 6774
Sony Music Entertainment, 6774
Bungeishunjuu, 6774
Bandai Visual, 6792
Sotsu, 6792
Shogakukan Productions, 6796
Bandai, 6796
Bandai, 6798
Takara, 6800
TV Tokyo, 6802
Aniplex, 6802
NHK, 6822
Pony Canyon, 6862
Movic, 6862
Kodansha, 6864
Kadokawa Shoten, 6880
Kadokawa Pictures Japan, 6880
KlockWorx, 6880
AMG MUSIC, 6880
Square Enix, 6896
flying DOG, 6896
Hisashishi Videos, 6902
TOMY Company, 6902
Geneon Universal Entertainment, 6922
Frontier Works, 6922
TBS, 6922
KlockWorx, 6922
Notes, 6922
CREi, 6922
TV Asahi, 6930
Usagi Ou, 6932
Studio Mausu, 6946
Kuri Jikken Manga Kobo, 6950
Aniplex, 6956
Rakuonsha, 6956
Aniplex, 6974
Xebec, 6974
TV Tokyo Music, 6974
TV Asahi, 6980
Lantis, 6984
TV Asahi, 6988
Tezuka Productions, 7014
Sega, 7016
Kuri Jikken Manga Kobo, 7022
Kuri Jikken Manga Kobo, 7024
Kuri Jikken Manga Kobo, 7026
Magic Bus, 7052
Geneon Universal Entertainment, 7054
TBS, 7054
Hakusensha, 7054
Half H.P Studio, 7054
Robot Communications, 7060
Aniplex, 7062
Lantis, 7062
TBS, 7062
Movic, 7062
Houbunsha, 7062
TV Tokyo, 7082
Sotsu, 7082
Marvelous, 7088
Hobby Japan, 7088
Delfi Sound, 7088
Zyc, 7110
KAGAYA Studio, 7112
Toho, 7144
Geneon Universal Entertainment, 7148
Lantis, 7148
AT-X, 7148
KlockWorx, 7148
ASCII Media Works, 7148
BIGLOBE, 7148
Hal Film Maker, 7152
Sotsu, 7152
Starchild Records, 7152
MediaNet, 7152
AT-X, 7152
JM Animation, 7152
Aoni Entertainment, 7152
Milky Animation Label, 7154
Toei Video, 7162
Knack Productions, 7162
Fuji TV, 7164
Dream Force, 7176
MS Pictures, 7178
Project Team Eikyuu Kikan, 7192
Yamamura Animation, Inc., 7244
Yumeta Company, 7254
Milky Animation Label, 7264
T-Rex, 7264
Sotsu, 7270
Asatsu DK, 7270
Mainichi Broadcasting System, 7270
Pink Pineapple, 7276
Shogakukan Productions, 7330
Sega, 7334
Square Enix, 7338
Victor Entertainment, 7366
Hakusensha, 7366
Sanrio, 7376
Lantis, 7396
Chungeorahm Film, 7420
Yamamura Animation, Inc., 7446
NHK, 7448
Yamamura Animation, Inc., 7450
Studio 9 MAiami, 7456
Studio Eromatick, 7458
Mary Jane, 7458
TV Tokyo, 7472
Aniplex, 7472
Dentsu, 7472
Bandai, 7472
Warner Bros., 7472
Shueisha, 7472
Bandai Visual, 7474
Yamamura Animation, Inc., 7488
Sakura Motion Picture, 7510
NHK, 7518
dwarf, 7518
Sakura Color Film, 7528
The National Film Center Japan, 7532
Akita Shoten, 7540
Frontier Works, 7568
Genco, 7580
Digital Works, 7582
Dentsu, 7588
Media Factory, 7588
Movic, 7588
Fuji TV, 7588
Shogakukan, 7588
Geneon Universal Entertainment, 7590
Frontier Works, 7590
KlockWorx, 7590
Yomiuri Telecasting, 7592
Yomiko Advertising, 7592
Pony Canyon, 7592
Toho, 7592
Shueisha, 7592
BS11, 7592
Hakuhodo DY Media Partners, 7592
SoftBank Creative Corp., 7596
Trans Arts, 7598
Y.O.U.C, 7612
Tomoyasu Murata Company, 7616
Tohokushinsha Film Corporation, 7626
NHK, 7662
Sogo Vision, 7662
NHK-BS2, 7662
NHK, 7674
Shueisha, 7674
Shinano Kikaku, 7696
Shinano Kikaku, 7698
Sovat Theater, 7718
Aniplex, 7720
Mainichi Broadcasting System, 7720
TBS, 7720
Kodansha, 7720
Movic, 7720
Rakuonsha, 7720
Aniplex, 7724
Dentsu, 7724
Fuji TV, 7724
DAX Production, 7724
Shueisha, 7724
Pioneer LDC, 7728
ChiChinoya, 7730
Genco, 7740
Media Factory, 7740
Hobby Japan, 7740
GDH, 7750
HoriPro, 7750
Kids Station, 7750
Pioneer LDC, 7750
Shanghai Animation Film Studio, 7752
Sotsu, 7768
Lantis, 7768
Pony Canyon, 7768
Dwango, 7768
Bushiroad, 7768
Good Smile Company, 7768
Chrono Gear Creative, 7768
BIGLOBE, 7770
Marvelous, 7774
Ashi Production, 7808
Kokusai Eigasha, 7808
Kadokawa Shoten, 7818
Mushi Production, 7836
NTT Docomo, 7858
Takara, 7862
Toho, 7876
UM Productions, 7900
Studio Moriken, 7902
Knack Productions, 7956
Fuji TV, 7960
Yomiuri Advertising, 7960
Directions, 7982
Studio NOIX, 8064
Geneon Universal Entertainment, 8074
AT-X, 8074
Showgate, 8074
Shueisha, 8078
Lantis, 8086
Media Factory, 8086
Kadokawa Contents Gate, 8086
Fujimi Shobo, 8086
Magic Bus, 8092
Aniplex, 8100
Starchild Records, 8100
Shogakukan Productions, 8108
Tama Production, 8120
Sotsu, 8132
Atelier Musa, 8132
Miracle Bus, 8132
Aniplex, 8142
Sony Music Entertainment, 8142
Panda Factory, 8178
Nihon Hoso Eigasha, 8182
TBS, 8184
Directions, 8192
TV Tokyo, 8206
Shogakukan Productions, 8206
Half H.P Studio, 8206
Gakken, 8214
TV Tokyo, 8216
Yamamura Animation, Inc., 8218
NHK, 8220
Bandai Visual, 8230
Lantis, 8230
Tokyo Movie Shinsha, 8234
Tohokushinsha Film Corporation, 8240
Toho, 8246
Capcom, 8278
Schoolzone, 8290
Studio Eromatick, 8292
Mary Jane, 8292
ChiChinoya, 8294
Picture Magic, 8304
Nihon Ad Systems, 8304
Group TAC, 8336
TOHO animation, 8336
NHK, 8346
TV Asahi, 8358
Asatsu DK, 8358
TV Asahi, 8360
TV Asahi, 8362
Asatsu DK, 8362
TV Asahi, 8364
TV Asahi, 8366
TV Asahi, 8368
Futabasha, 8368
Tokyo Movie Shinsha, 8372
Aniplex, 8408
Group TAC, 8416
Nihon Ad Systems, 8422
Lantis, 8424
Media Factory, 8424
AT-X, 8424
Aniplex, 8426
AIC, 8426
Dentsu, 8426
Fuji TV, 8426
Magic Capsule, 8426
Enterbrain, 8426
Fuji Pacific Music Publishing, 8426
TV Tokyo, 8438
Geneon Universal Entertainment, 8440
Bandai Visual, 8450
Genco, 8456
Media Factory, 8456
AT-X, 8456
Hobby Japan, 8456
AIC, 8464
Aniplex, 8476
NHK, 8478
Trick Block, 8486
AIC, 8496
KlockWorx, 8514
Flex Comix, 8514
Fields, 8514
Lantis, 8516
Media Factory, 8516
Enterbrain, 8516
Cospa, 8516
Kadokawa Contents Gate, 8516
TV Tokyo Music, 8516
PRA, 8516
T.O Entertainment, 8516
Hakuhodo DY Media Partners, 8516
Animaruya, 8522
NTT Docomo, 8536
AMG MUSIC, 8536
TV Tokyo, 8538
Shogakukan Productions, 8538
Tokyo Movie Shinsha, 8542
Studio Core, 8548
Visual 80, 8554
Nikkatsu, 8598
TV Asahi, 8624
TBS, 8630
Magic Capsule, 8630
flying DOG, 8630
On-Lead, 8634
Shogakukan Productions, 8644
Epoch, 8644
NHK, 8646
ChiChinoya, 8652
Studio Ten Carat, 8652
NHK, 8660
Shueisha, 8664
Showgate, 8666
Dynamic Planning, 8666
Hoods Entertainment, 8668
NHK, 8670
Misseri Studio, 8670
Pony Canyon, 8676
TBS, 8676
Movic, 8676
NHK, 8680
Space Neko, 8682
NHK, 8696
NHK, 8704
Lantis, 8706
Barnum Studio, 8706
Lantis, 8710
Barnum Studio, 8710
NHK, 8716
NHK, 8718
NHK, 8722
NHK, 8724
Pony Canyon, 8726
TBS, 8726
Movic, 8726
Magic Bus, 8726
Studio Pastoral, 8726
flying DOG, 8726
Memory-Tech, 8726
NHK, 8730
NHK, 8732
NHK, 8752
Shueisha, 8768
NHK, 8772
NHK, 8774
NHK, 8778
NHK, 8782
Aniplex, 8800
NHK, 8812
TBS, 8832
Aniplex, 8840
Nippon Television Network, 8842
Nippon Television Network, 8848
AIC, 8862
Pony Canyon, 8876
Bandai Visual, 8888
Bandai, 8888
Bandai Namco Entertainment, 8888
Hakuhodo DY Media Partners, 8888
Shueisha, 8894
NHK, 8896
Hoods Entertainment, 8918
L., 8918
Kadokawa Shoten, 8920
Toei Video, 8920
Aniplex, 8934
Dentsu, 8934
Square Enix, 8934
Mainichi Broadcasting System, 8934
Bandai Namco Entertainment, 8934
TV Tokyo, 8956
Tokyo Kids, 8956
Shogakukan Productions, 8966
Space Neko, 8968
TV Tokyo, 9000
Bandai Visual, 9000
TMS Entertainment, 9000
MediaNet, 9000
Kids Station, 9000
Movic, 9000
Cyclone Graphics inc, 9000
Tokyo Theatres, 9000
Sammy, 9000
Shogakukan, 9000
Bandai Visual, 9002
Lantis, 9002
Pixy, 9006
Anime Antenna Iinkai, 9006
T-Rex, 9008
BOOTLEG, 9008
TV Tokyo, 9028
Yomiuri Advertising, 9028
Dentsu Tec, 9032
Aniplex, 9062
Visual Art&#039;s, 9062
Studio Egg, 9070
Square Enix, 9074
Starchild Records, 9074
TV Tokyo Music, 9074
GANSIS, 9074
Anpro, 9088
KBS, 9106
Shueisha, 9120
Akita Shoten, 9130
Square Enix, 9136
Tokyo Movie Shinsha, 9164
Tokyo Movie Shinsha, 9166
Studio Fantasia, 9170
Age, 9170
Heewon Entertainment, 9200
Hoods Entertainment, 9202
TMS Entertainment, 9204
MediaNet, 9204
Kids Station, 9204
Happinet Pictures, 9204
Tokyo Theatres, 9204
Aniplex, 9220
Xebec, 9220
GARDEN LODGE, 9232
Group TAC, 9242
Fuji TV, 9242
Group TAC, 9244
Fuji TV, 9244
KlockWorx, 9252
G&amp;G Entertainment, 9254
Aniplex, 9260
Kodansha, 9260
Tele-Cartoon Japan, 9284
Schoolzone, 9312
Fuji TV, 9314
Asmik Ace Entertainment, 9314
Sony Music Entertainment, 9314
Graphinica, 9314
Marvelous, 9322
Studio Eromatick, 9322
Mary Jane, 9322
Toei Video, 9324
MS Pictures, 9326
Schoolzone, 9328
Yomiuri Telecasting, 9330
Starchild Records, 9330
Kids Station, 9330
DAX Production, 9330
Shueisha, 9330
Bandai Visual, 9332
flying DOG, 9332
Showgate, 9332
BIGLOBE, 9332
Filmlink International, 9342
Nagoya TV Housou, 9346
Sakura Production, 9348
Pony Canyon, 9356
Hobby Japan, 9362
Lantis, 9396
Pink Pineapple, 9434
MS Pictures, 9442
AniMan, 9442
Konami, 9464
Himajin Planning, 9486
Aniplex, 9488
Big Bang, 9496
NHK, 9502
Allure, 9504
Studio G-1Neo, 9506
Lantis, 9510
Cospa, 9510
Studio Mausu, 9510
Four Some, 9518
Tohokushinsha Film Corporation, 9520
Sony Music Entertainment, 9536
PansonWorks, 9536
Yomiuri Telecasting, 9540
Magic Bus, 9540
Toei Video, 9542
Agent 21, 9542
Sony Pictures Entertainment, 9544
Capcom, 9544
Magic Bus, 9546
Katsudou-manga-kan, 9566
Milky Animation Label, 9588
MS Pictures, 9588
SoftBank Creative Corp., 9598
AIC, 9618
Lantis, 9618
Media Factory, 9618
Pony Canyon, 9618
AT-X, 9618
KlockWorx, 9618
L., 9638
Victor Entertainment, 9646
Studio Signal, 9646
Project No.9, 9650
VAP, 9656
Nippon Television Network, 9656
Shueisha, 9656
Studio Kuma, 9662
Kadokawa Contents Gate, 9690
TV Tokyo Music, 9712
Digital Works, 9718
KlockWorx, 9724
Pony Canyon, 9734
Animation Do, 9734
Kadokawa Shoten, 9736
Pony Canyon, 9736
DAX Production, 9736
KlockWorx, 9736
ASCII Media Works, 9736
Primastea, 9744
Frontier Works, 9750
Kadokawa Shoten, 9750
AT-X, 9750
Kadokawa Pictures Japan, 9750
KlockWorx, 9750
Asmik Ace Entertainment, 9754
Aniplex, 9756
Mainichi Broadcasting System, 9756
Movic, 9756
Nitroplus, 9756
Madoka Partners, 9756
Houbunsha, 9756
Media Factory, 9760
Movic, 9760
Yahoo! Japan, 9760
Warner Music Japan, 9760
Marine Entertainment, 9760
TV Tokyo, 9768
Azeta Pictures, 9768
Sanrio, 9770
DAX Production, 9774
Studio Gram, 9774
Dream Creation, 9774
Aniplex, 9776
Dentsu, 9776
Mainichi Broadcasting System, 9776
Suzuki Mirano, 9778
Showgate, 9782
Kadokawa Shoten, 9790
KlockWorx, 9790
NTT Docomo, 9790
Ajia-Do, 9792
Bliss Pictures, 9818
Bliss Pictures, 9820
Toei Video, 9824
Tohokushinsha Film Corporation, 9824
Artmic, 9832
Aniplex, 9834
TV Tokyo Music, 9834
Sony Music Entertainment, 9834
Sakura Create, 9834
Shochiku, 9862
Hero Communication, 9862
Sanrio, 9866
Jade Animation, 9868
Maikaze, 9874
Toho, 9878
Takara, 9878
Studio Comet, 9882
Mainichi Broadcasting System, 9884
TV Tokyo, 9900
Milky Animation Label, 9904
Asatsu DK, 9906
Yomiuri Telecasting, 9916
Lantis, 9922
Delfi Sound, 9922
Marvelous AQL, 9922
Studio Jack, 9922
AIC, 9924
Lantis, 9926
Kadokawa Shoten, 9926
AT-X, 9926
DAX Production, 9926
KlockWorx, 9926
Lantis, 9930
Sotsu, 9934
AT-X, 9934
Marvelous AQL, 9934
Akita Shoten, 9934
Media Factory, 9938
AT-X, 9938
flying DOG, 9938
Sony Music Communications, 9938
Bushiroad, 9938
Good Smile Company, 9938
Aoni Entertainment, 9938
Lantis, 9940
Magic Capsule, 9940
CCTV Animation Co. LTD, 9952
TV Tokyo, 9958
Geneon Universal Entertainment, 9958
Shogakukan Productions, 9958
Half H.P Studio, 9958
Shogakukan Music &amp; Digital Entertainment, 9958
Suzuki Mirano, 9968
Calf Studio, 9976
Tokyo University of the Arts, 9976
Tsuburaya Productions, 9978
Mistral Japan, 9990
NHK, 9996
Sogo Vision, 9996
Tsuchida Productions, 9998
Wonder Kids, 9998
Notes, 10012
Aniplex, 10020
NHK, 10030
Shueisha, 10030
Victor Entertainment, 10036
Tezuka Productions, 10044
Lantis, 10076
DAX Production, 10076
RAY, 10076
TV Tokyo, 10080
Geneon Universal Entertainment, 10080
MS Pictures, 10106
Aniplex, 10108
I was a Ballerina, 10108
Starchild Records, 10110
Media Factory, 10110
TBS, 10110
DAX Production, 10110
PRA, 10110
RAY, 10110
Shinano Kikaku, 10112
Futabasha, 10116
ElectromagneticWave, 10122
DAX Production, 10136
DAX Production, 10138
Fuji TV, 10162
Tohokushinsha Film Corporation, 10162
Sony Music Entertainment, 10162
Sakura Create, 10162
Fuji Pacific Music Publishing, 10162
Media Factory, 10172
NHK, 10178
The Answer Studio, 10178
WAO World, 10178
Aniplex, 10180
Animate Film, 10202
Tokyo Movie Shinsha, 10210
Yahoo! Japan, 10218
Good Smile Company, 10218
Beyond C., 10218
TV Asahi, 10224
BIGLOBE, 10232
RAY, 10232
Group TAC, 10242
Pixy, 10256
Movic, 10258
Marine Entertainment, 10258
Nihon Falcom, 10260
Bushiroad, 10260
Showgate, 10260
DAX Production, 10262
TBS, 10270
M.S.C, 10276
Aniplex, 10278
TBS, 10278
Nippon Columbia, 10278
Bandai Namco Entertainment, 10278
Pixy, 10280
Group TAC, 10282
Pixy, 10286
Bandai Visual, 10294
Lantis, 10294
Movic, 10294
Showgate, 10294
Hakuhodo DY Media Partners, 10294
Sony PCL, 10294
Frontier Works, 10324
SME Visual Works, 10334
Fuji TV, 10334
CBC, 10336
flying DOG, 10336
Cyclone Graphics inc, 10336
Fuji TV, 10342
Walt Disney Studios, 10348
Bandai Visual, 10360
TV Tokyo, 10372
Shogakukan Productions, 10372
Media Factory, 10372
Half H.P Studio, 10372
AT-X, 10372
flying DOG, 10372
Sony Music Communications, 10372
TV Tokyo, 10378
Lantis, 10378
Pony Canyon, 10378
TV Tokyo Music, 10378
Studio Jack, 10378
Bandai Visual, 10390
Mary Jane, 10392
Pony Canyon, 10396
AT-X, 10396
Magic Capsule, 10396
Bulls Eye, 10396
Indeprox, 10406
Aniplex, 10408
MS Pictures, 10420
ChiChinoya, 10424
Schoolzone, 10424
TV Asahi, 10444
Bandai Visual, 10456
Lantis, 10456
ASCII Media Works, 10456
Sony PCL, 10456
Suzuki Mirano, 10458
TV Tokyo, 10460
Aniplex, 10460
Square Enix, 10460
Nihon Ad Systems, 10460
Movic, 10460
Kimi To Boku Production Partners, 10460
Magic Bus, 10466
Studio Eromatick, 10488
Mary Jane, 10488
Aniplex, 10490
Mainichi Broadcasting System, 10490
Dwango, 10490
Geneon Universal Entertainment, 10520
Shogakukan Productions, 10524
Shogakukan Music &amp; Digital Entertainment, 10526
Shogakukan Productions, 10528
Asahi Broadcasting, 10528
TV Asahi, 10534
Asatsu DK, 10534
Pixy, 10546
MS Pictures, 10552
Studio Jack, 10554
Knack Productions, 10564
Lantis, 10568
AT-X, 10568
Warner Bros., 10568
KlockWorx, 10568
ASCII Media Works, 10568
Studio 9 MAiami, 10570
AT-X, 10572
Magic Capsule, 10572
Warner Bros., 10572
ASCII Media Works, 10572
Starchild Records, 10578
Aniplex, 10588
Mainichi Broadcasting System, 10588
ASCII Media Works, 10588
Index, 10588
Group TAC, 10594
Toho, 10594
flying DOG, 10604
Lantis, 10620
Kadokawa Shoten, 10620
Rakuonsha, 10620
Kadokawa Pictures Japan, 10620
KlockWorx, 10620
chara-ani.com, 10620
12 Diary Holders, 10620
Dwango, 10620
Sakura Create, 10620
Aniplex, 10624
Starchild Records, 10624
Studio Pastoral, 10628
Jinnis Animation Studios, 10666
Moonstone Cherry, 10668
Anime Antenna Iinkai, 10668
Yamamura Animation, Inc., 10674
Shueisha, 10686
NHK, 10688
Polygon Pictures, 10688
Yamamura Animation, Inc., 10688
TV Tokyo, 10690
Dentsu, 10690
TV Osaka, 10690
Media Factory, 10690
GAGA, 10690
Yahoo! Japan, 10690
Digital Frontier, 10702
Bandai Visual, 10714
Lantis, 10714
Movic, 10714
Showgate, 10714
Hakuhodo DY Media Partners, 10714
Sony PCL, 10714
Bandai Visual, 10716
Lantis, 10716
Movic, 10716
Showgate, 10716
Hakuhodo DY Media Partners, 10716
Sony PCL, 10716
Triangle Staff, 10718
Digital Works, 10728
TV Tokyo, 10740
Shogakukan Productions, 10740
Marvelous, 10740
Toho, 10740
Pink Pineapple, 10764
Valkyria, 10770
Anime Antenna Iinkai, 10770
Tokyo Movie Shinsha, 10774
Kadokawa Shoten, 10790
AT-X, 10790
Kadokawa Pictures Japan, 10790
KlockWorx, 10790
flying DOG, 10790
Pixy, 10792
Sony Music Communications, 10794
Project IS, 10794
Dentsu, 10798
Fuji TV, 10798
Toho, 10798
Sony Music Entertainment, 10798
Fuji Pacific Music Publishing, 10798
VAP, 10800
Nippon Television Network, 10800
Aoni Entertainment, 10804
Sotsu, 10808
Lantis, 10808
Mainichi Broadcasting System, 10808
Sony Music Entertainment, 10808
Studio Moriken, 10842
OLM, 10852
Shogakukan Music &amp; Digital Entertainment, 10856
Nihon Ad Systems, 10862
TV Tokyo, 10884
Square Enix, 10884
Sotsu, 10884
Lantis, 10884
Pony Canyon, 10884
Mary Jane, 10906
Seven, 10906
Actas, 10918
ElectromagneticWave, 10918
Hoods Entertainment, 10920
Genco, 10924
Media Factory, 10924
Hobby Japan, 10924
Akita Shoten, 10936
Pink Pineapple, 10938
Aniplex, 11266
Tokyo Movie Shinsha, 11268
AIC, 16436
Flex Comix, 16436
G-mode, 16436
Kinoshita Group Holdings, 16442
Bandai Visual, 16458
BS Fuji, 16460
NOTTV, 16468
Pink Pineapple, 16472
Pink Pineapple, 16474
Tokyo Movie Shinsha, 16486
Yomiuri Telecasting, 16486
Production I.G, 16498
Dentsu, 16498
Mainichi Broadcasting System, 16498
Pony Canyon, 16498
Kodansha, 16498
Mad Box, 16498
Shingeki no Kyojin Team, 16498
Pony Canyon Enterprise, 16498
Shanghai Animation Film Studio, 16506
AIC, 16508
Mainichi Broadcasting System, 16512
Pony Canyon, 16512
Showgate, 16512
Index, 16512
TV Tokyo, 16518
Sotsu, 16518
Lantis, 16518
JM Animation, 16518
Bandai Visual, 16524
Yomiuri Telecasting, 16524
Lantis, 16524
Nitroplus, 16524
Bushiroad, 16524
Good Smile Company, 16524
Nihon Ad Systems, 16526
Fuji TV, 16526
Production I.G, 16528
Shochiku, 16528
Pony Canyon, 16528
Asatsu DK, 16530
Tsuchida Productions, 16530
TV Tokyo, 16574
Nihon Ad Systems, 16574
TV Tokyo, 16576
Nihon Ad Systems, 16576
Geneon Universal Entertainment, 16592
Mainichi Broadcasting System, 16592
Showgate, 16592
AIC, 16636
KlockWorx, 16636
flying DOG, 16636
T-Rex, 16638
Cotton Doll, 16638
Pashmina, 16642
Pashmina, 16644
Starchild Records, 16646
Starchild Records, 16648
TV Asahi, 16650
Nichion, 16662
Aniplex, 16668
Dentsu, 16668
Mainichi Broadcasting System, 16668
Movic, 16668
Bandai, 16668
Bandai Namco Entertainment, 16668
Lantis, 16694
Pony Canyon, 16694
TBS, 16694
BS-TBS, 16694
Geneon Universal Entertainment, 16700
Frontier Works, 16700
Sotsu, 16700
Daiichi Shokai CO., LTD, 16700
TV Tokyo, 16706
Geneon Universal Entertainment, 16706
Shogakukan, 16706
Strawberry Meets Pictures, 16726
Bouncy, 16726
Kadokawa Shoten, 16730
Media Factory, 16732
Showgate, 16732
TV Tokyo, 16742
Media Factory, 16742
MediaNet, 16742
AT-X, 16742
DAX Production, 16742
Sony Music Communications, 16742
Bushiroad, 16742
Good Smile Company, 16742
NichiNare, 16742
Vasoon Animation, 16756
CoMix Wave Films, 16774
Magic Bus, 16776
Cinema Tohoku, 16776
The Answer Studio, 16782
TOHO animation, 16782
Bandai Visual, 16788
Artmic, 16788
TV Tokyo, 16870
Shueisha, 16870
TV Tokyo, 16890
Sotsu, 16890
Bandai Visual, 16894
Lantis, 16894
Nihon Ad Systems, 16894
Banpresto, 16894
Shueisha, 16894
BS11, 16894
Starchild Records, 16904
Mainichi Broadcasting System, 16904
KlockWorx, 16904
Glovision, 16904
TV Tokyo, 16906
Shogakukan Productions, 16906
Half H.P Studio, 16906
Sotsu, 16908
Starchild Records, 16910
Studio Tulip, 16910
Half H.P Studio, 16910
Strawberry Meets Pictures, 16912
Bouncy, 16912
Bandai Visual, 16916
Lantis, 16916
Aniplex, 16918
Dentsu, 16918
Fuji TV, 16918
Kyoraku Industrial Holdings, 16918
Bandai Visual, 16928
Lantis, 16928
Lantis, 16934
Pony Canyon, 16934
TBS, 16934
Rakuonsha, 16934
Shochiku, 16954
Tokyo Kids, 16970
TV Tokyo, 16982
Ashi Production, 17002
Tokyo University of the Arts, 17010
Pink Pineapple, 17012
Aniplex, 17074
Kodansha, 17074
Cyclone Graphics inc, 17074
Starchild Records, 17080
Mainichi Broadcasting System, 17080
Pony Canyon, 17082
Tohokushinsha Film Corporation, 17082
KBS, 17092
ACC Production, 17624
Bandai Visual, 1
Sunrise, 5
Bandai Visual, 5
Bandai Visual, 7
TV Tokyo, 15
Nihon Ad Systems, 15
TV Tokyo Music, 15
Shueisha, 15
VAP, 19
Shogakukan Productions, 19
Nippon Television Network, 19
Fuji TV, 21
TAP, 21
Shueisha, 21
GDH, 25
Pony Canyon, 25
CBC, 25
Marvelous, 29
TBS, 29
Movic, 31
Sega, 31
TV Tokyo Music, 31
Audio Tanaka, 31
VAP, 33
Hakusensha, 33
Nippon Television Network, 33
Bandai Visual, 43
Kodansha, 43
Aniplex, 45
SME Visual Works, 45
Fuji TV, 45
Mainichi Broadcasting System, 47
Kodansha, 47
Toho, 47
Bandai Visual, 49
KSS, 49
Pony Canyon, 49
TBS, 49
Kodansha, 49
Half H.P Studio, 49
Nichion, 49
Bandai Visual, 51
AIC, 51
Lantis, 51
Audio Tanaka, 51
Movic, 53
Fuji TV, 53
Pioneer LDC, 53
Cosmic Ray, 53
Sony Pictures Entertainment, 55
Aniplex, 55
Marvelous, 57
Starchild Records, 57
Asatsu DK, 57
Kodansha, 57
TBS, 59
Pioneer LDC, 59
Kadokawa Shoten, 61
Bandai Visual, 63
Hal Film Maker, 63
Genco, 63
Lantis, 63
Mellow Head, 65
TBS, 65
GDH, 67
Kodansha, 67
Sotsu Music Publishing, 67
Bandai Visual, 69
Kadokawa Shoten, 71
Kadokawa Shoten, 73
Happinet Pictures, 73
TV Tokyo Music, 75
Starchild Records, 77
Omnibus Japan, 77
Lantis, 79
Memory-Tech, 79
Atelier Musa, 81
Sotsu, 83
Atelier Musa, 83
Sotsu, 85
Nagoya TV Housou, 85
Sotsu, 87
Nozomi Entertainment, 87
Atelier Musa, 87
TV Asahi, 89
Sotsu, 89
Apollon, 89
Bandai Visual, 91
Sotsu, 91
Sotsu, 93
Asatsu DK, 93
Mainichi Broadcasting System, 93
Sony Music Entertainment, 93
Atelier Musa, 93
Sotsu, 95
Fuji TV, 95
GDH, 97
Victor Entertainment, 97
TV Tokyo Music, 97
Bandai Visual, 99
Lantis, 99
TV Tokyo Music, 99
Pony Canyon, 101
TBS, 101
Movic, 101
Nihon Ad Systems, 103
Shueisha, 103
Audio Tanaka, 105
Aniplex, 107
GDH, 109
TV Asahi, 109
Imagica, 109
NHK, 111
Studio Tron, 111
Starchild Records, 113
TV Tokyo Music, 113
Pioneer LDC, 115
Pioneer LDC, 117
Trinet Entertainment, 119
Aniplex, 121
Dentsu, 121
Square Enix, 121
Mainichi Broadcasting System, 121
TV Tokyo, 123
Shogakukan Productions, 123
Yomiko Advertising, 123
Apollon, 123
Lantis, 125
Media Factory, 127
TV Tokyo, 129
Dentsu, 129
Group TAC, 129
Pony Canyon, 133
Memory-Tech, 133
Studio Jack, 133
TV Tokyo, 135
Dentsu, 135
Dream Force, 135
TV Asahi, 141
GANSIS, 141
Studio Fantasia, 143
Geneon Universal Entertainment, 143
Remic, 143
Front Line, 143
Kodansha, 143
Rondo Robe, 143
Memory-Tech, 143
Toshiba Entertainment, 143
TV Tokyo, 145
GANSIS, 145
Lantis, 147
Media Factory, 147
Age, 147
Bandai Visual, 149
TV Asahi, 149
Movic, 149
Toei Video, 151
Sogo Vision, 153
Kadokawa Shoten, 155
Victor Entertainment, 155
Marubeni, 155
Movic, 155
Sega, 155
Shelty, 155
Starchild Records, 157
Kadokawa Shoten, 159
TBS, 159
KENMedia, 159
GDH, 161
TV Asahi, 161
Imagica, 161
Avex Entertainment, 163
Asatsu DK, 165
Fuji TV, 165
Kadokawa Shoten, 167
A-Line, 167
TBS, 169
Rondo Robe, 169
Movic, 169
Studio Izena, 173
MediaNet, 173
TV Tokyo Music, 175
NHK, 177
Kodansha, 177
GDH, 181
Dentsu, 181
Media Factory, 181
Marvelous, 183
OB Planning, 185
Fuji TV, 185
OB Planning, 187
Production I.G, 189
TV Tokyo, 189
Yomiko Advertising, 189
King Records, 189
Audio Tanaka, 189
Xebec, 191
Yomiko Advertising, 191
Audio Tanaka, 191
Kadokawa Shoten, 193
KlockWorx, 193
Happinet Pictures, 193
Sony PCL, 193
Bandai Visual, 195
Genco, 195
m.o.e., 197
Toho, 199
Shueisha, 201
Green Bunny, 203
Victor Entertainment, 205
Fuji TV, 205
Barnum Studio, 205
Tokuma Shoten, 205
flying DOG, 205
Kadokawa Shoten, 207
TBS, 207
Marubeni, 207
Aniplex, 209
Studio Deen, 209
Broccoli, 209
Sony Music Entertainment, 209
Pink Pineapple, 211
Green Bunny, 211
NuTech Digital, 213
Pink Pineapple, 217
Studio Tulip, 217
TV Tokyo, 219
Starchild Records, 219
Kadokawa Shoten, 219
Toei Video, 219
Movic, 219
Sega, 219
King Records, 219
Audio Tanaka, 219
Green Bunny, 221
Fuji TV, 223
Fuji TV, 225
Starchild Records, 227
GANSIS, 227
Toshiba Entertainment, 229
Happinet Pictures, 229
Starchild Records, 231
TV Tokyo Music, 231
Shounen Gahousha, 231
Yomiuri Telecasting, 235
Animax, 235
YTV, 235
TMS-Kyokuchi, 235
Shogakukan, 235
Aniplex, 237
Bandai Visual, 237
Kadokawa Shoten, 237
Mainichi Broadcasting System, 237
Bandai, 237
Ashi Production, 237
Sony Music Entertainment, 237
Bandai Namco Games, 237
Hakuhodo DY Media Partners, 237
Bandai Channel, 237
USEN, 237
GDH, 239
TV Asahi, 239
Media Factory, 239
Sotsu Music Publishing, 239
Lantis, 241
Kadokawa Shoten, 241
Fuji TV, 241
Rakuonsha, 241
KlockWorx, 241
Happinet Pictures, 241
Studio Jack, 241
Aniplex, 243
Aniplex, 245
Fuji TV, 245
Yumeta Company, 247
Yomiuri Telecasting, 249
Shogakukan, 249
NHK, 251
Bandai Visual, 253
Sotsu, 253
Bandai Visual, 255
Genco, 257
Cosmic Ray, 257
Eye Move, 257
Bushiroad, 257
KSS, 259
KSS, 261
Studio Jack, 261
VAP, 263
Tohokushinsha Film Corporation, 267
TV Tokyo, 269
Aniplex, 269
Dentsu, 269
TV Tokyo Music, 269
Studio Kelmadick, 269
Shueisha, 269
Hal Film Maker, 271
Media Factory, 271
Imagica, 271
Amber Film Works, 271
Rondo Robe, 273
Pioneer LDC, 273
Daiei, 273
m.o.e., 275
Pioneer LDC, 277
Tokyo Movie Shinsha, 279
RCC Chugoku Broadcasting, 279
Toho, 279
Tohokushinsha Film Corporation, 279
Lantis, 281
Age, 281
Free-Will, 287
KSS, 289
Broccoli, 293
Imagica, 295
KlockWorx, 295
Shochiku, 297
Kadokawa Shoten, 297
Toshiba Entertainment, 297
Bandai Visual, 299
Bandai, 299
CyberConnect2, 299
Magic Bus, 301
Bandai Visual, 303
Dynamic Planning, 305
Lantis, 309
Kadokawa Shoten, 309
Studio Jack, 309
NBCUniversal Entertainment Japan, 309
Audio Tanaka, 309
On The Run, 309
Tokyo Movie Shinsha, 311
Mainichi Broadcasting System, 311
Polygram Japan, 315
Film Workshop, 315
KSS, 319
GDH, 321
Media Factory, 321
Nippon Columbia, 321
WOWOW, 323
Asmik Ace Entertainment, 323
Tohokushinsha Film Corporation, 323
TV Tokyo, 325
Marvelous, 325
Studio Jack, 325
Bandai Visual, 329
NHK, 329
Dentsu, 331
Asahi Broadcasting, 331
TV Tokyo, 335
Rakuonsha, 335
Starchild Records, 337
GANSIS, 337
TV Tokyo, 339
Geneon Universal Entertainment, 339
Genco, 339
Pioneer LDC, 339
TV Tokyo Music, 339
Fuji Pacific Music Publishing, 339
TV Tokyo, 341
Aniplex, 341
Sotsu, 341
SME Visual Works, 341
Pony Canyon, 345
TBS, 345
Toshiba Entertainment, 345
Fuji Creative, 345
Aniplex, 347
WOWOW, 347
Asahi Broadcasting, 351
Asahi Broadcasting, 353
Geneon Universal Entertainment, 355
ASCII Media Works, 355
Toshiba Entertainment, 355
Cosmic Ray, 355
Showgate, 355
Geneon Universal Entertainment, 357
Hal Film Maker, 357
Showgate, 357
Aniplex, 359
SME Visual Works, 359
E&amp;G Films, 361
Nihon Ad Systems, 367
VAP, 369
d-rights, 369
Bandai Visual, 371
Shochiku, 371
Shelty, 371
Starchild Records, 373
Movic, 373
Movic, 375
Bandai Visual, 377
Genco, 377
Victor Entertainment, 379
Bandai Visual, 383
Broccoli, 383
Studio Jack, 383
Kansai Telecasting, 385
Kadokawa Shoten, 387
Fuji TV, 387
Studio Tulip, 387
Showgate, 389
Geneon Universal Entertainment, 391
Frontier Works, 391
Atelier Musa, 393
Fuji TV, 395
Bandai Visual, 397
WOWOW, 397
BeSTACK, 397
Bandai Visual, 399
WOWOW, 399
BeSTACK, 399
SME Visual Works, 401
m.o.e., 403
Aniplex, 405
Group TAC, 407
Kodansha, 407
Studio Tulip, 411
Idea Factory, 413
King Records, 413
Design Factory, 413
Tokuma Shoten, 415
Frontier Works, 417
Starchild Records, 419
Bandai Visual, 421
Bandai Visual, 423
Studio Fantasia, 423
Movic, 425
Tokuma Shoten, 425
TV Tokyo, 427
Hal Film Maker, 427
G&amp;G Entertainment, 427
HoriPro, 427
MediaNet, 427
Hal Film Maker, 429
MediaNet, 429
d-rights, 431
Tokuma Shoten, 431
Yomiuri Telecasting, 435
KSS, 439
Movic, 439
Sony Music Entertainment, 439
Audio Tanaka, 441
Bandai Visual, 443
WOWOW, 443
Lantis, 443
Animate Film, 447
Polygram Japan, 447
Kyoto Animation, 451
Avex Entertainment, 457
Marvelous, 457
SKY Perfect Well Think, 457
Delfi Sound, 457
Fuji Pacific Music Publishing, 461
Fuji Pacific Music Publishing, 465
Shueisha, 465
Bandai Visual, 467
Dentsu, 467
Victor Entertainment, 467
Kodansha, 467
Trilogy Future Studio, 467
Tokuma Shoten, 467
Nippon Television Network, 467
WOWOW, 469
Frontier Works, 469
Kadokawa Shoten, 469
Half H.P Studio, 469
Bandai Visual, 473
TV Asahi, 473
Lantis, 473
TV Tokyo, 477
Shochiku, 477
Mag Garden, 477
Shogakukan Productions, 479
Studio Izena, 479
Studio Tulip, 479
TV Tokyo Music, 479
Nihon Ad Systems, 481
TV Asahi, 483
Media Factory, 483
Victor Entertainment, 483
SKY Perfect Well Think, 485
Kids Station, 485
Takeshobo, 485
WOWOW, 487
Lantis, 487
Kadokawa Shoten, 487
Rakuonsha, 487
KlockWorx, 487
Happinet Pictures, 487
Studio Jack, 487
Aniplex, 489
AIC, 493
Pioneer LDC, 493
Sotsu, 495
Movic, 495
TV Tokyo Music, 495
Japan Home Video, 499
Studio Matrix, 503
Japan Home Video, 503
TV Tokyo, 505
Diomedea, 505
Nihon Ad Systems, 505
Aniplex, 507
Animate Film, 507
Movic, 507
Pioneer LDC, 509
Toshiba Digital Frontiers, 509
Picture Magic, 511
Tokuma Shoten, 513
Kadokawa Shoten, 515
Victor Entertainment, 515
Studio Jack, 517
Starchild Records, 519
TV Tokyo Music, 519
Synergy Japan, 521
Studio Fantasia, 523
VAP, 525
Nippon Television Network, 525
TV Tokyo, 527
TV Tokyo Music, 527
Studio Jack, 527
Toei Video, 529
Toshiba EMI, 529
Tohokushinsha Film Corporation, 529
J.C.Staff, 535
TV Tokyo, 535
SoftX, 535
Four Some, 537
Sony Music Entertainment, 537
Pioneer LDC, 539
VAP, 541
Animate Film, 543
Movic, 543
KSS, 547
Starchild Records, 553
Movic, 553
m.o.e., 555
Pony Canyon, 555
Pony Canyon, 557
Bandai, 559
TBS, 561
Sega, 561
Starchild Records, 563
Movic, 563
Nippon Television Network, 563
Bandai Visual, 567
VAP, 569
Big West, 569
King Records, 569
Media Rings, 569
TV Setouchi, 569
AIC, 571
Pioneer LDC, 571
TV Tokyo, 573
Bandai Visual, 573
Hal Film Maker, 573
Sotsu, 573
Bandai Visual, 581
Tokuma Shoten, 585
Pony Canyon, 587
Dream Force, 587
TV Asahi, 589
TV Tokyo, 593
Bandai Visual, 593
Yomiko Advertising, 593
Kadokawa Shoten, 595
Starchild Records, 601
King Records, 601
Asatsu DK, 603
Asahi Production, 603
Asahi Broadcasting, 603
TV Tokyo, 605
Broccoli, 605
Yomiko Advertising, 605
Studio Fantasia, 609
CBC, 609
Tohokushinsha Film Corporation, 609
ACiD FiLM, 611
Rondo Robe, 615
Pioneer LDC, 615
Toshiba Entertainment, 615
Toshiba Digital Frontiers, 615
Movic, 617
Studio Junio, 619
Bandai Visual, 621
BeSTACK, 621
Half H.P Studio, 621
Memory-Tech, 621
TV Tokyo, 623
Hal Film Maker, 623
Genco, 623
Asatsu DK, 623
d-rights, 623
AT-X, 623
Studio Jack, 623
KSS, 625
Shogakukan Productions, 627
NHK, 627
Bandai Visual, 629
Triangle Staff, 629
Nozomi Entertainment, 629
Youmex, 629
KSS, 633
Bandai Visual, 635
TBS, 637
Dentsu, 645
Geneon Universal Entertainment, 649
Bandai Visual, 653
Broccoli, 653
Yomiko Advertising, 653
Studio Jack, 653
Bandai Visual, 655
Studio Fantasia, 655
Studio Flag, 655
Lantis, 655
Broccoli, 655
Kadokawa Shoten, 659
Pink Pineapple, 661
KSS, 661
Shueisha, 665
Bandai Visual, 667
Lantis, 667
Genco, 669
Lantis, 669
Kids Station, 669
Toshiba Entertainment, 669
Radix, 671
KSS, 675
Takeshobo, 679
AIC, 681
Media Factory, 681
Toshiba Entertainment, 681
Studio Jack, 681
Rondo Robe, 685
Kodansha, 687
TV Aichi, 687
Bandai Visual, 689
gimik, 689
Kitty Films, 691
Geneon Universal Entertainment, 693
Memory-Tech, 693
Toshiba Entertainment, 693
Studio Kyuuma, 695
KENMedia, 695
m.o.e., 705
KSS, 707
Frontier Works, 713
Visual Art&#039;s, 713
TBS, 715
On-Lead, 719
Memory-Tech, 721
GANSIS, 721
Marvelous AQL, 721
Broccoli, 725
Group TAC, 729
EMI, 731
Phoenix Entertainment, 741
Frontier Works, 747
On-Lead, 747
Robot Communications, 749
Milky Animation Label, 753
T-Rex, 753
Triple X, 755
Dentsu, 759
Genco, 759
Tohokushinsha Film Corporation, 759
m.o.e., 765
Media Rings, 767
Media Rings, 769
Geneon Universal Entertainment, 771
Marvelous, 771
Bandai Visual, 773
Geneon Universal Entertainment, 777
StudioRF Inc., 777
Shounen Gahousha, 777
Shogakukan Productions, 779
YTV, 779
Kodansha, 783
Animaruya, 783
Youmex, 785
Pony Canyon, 789
Tokuma Shoten, 791
Shochiku, 793
Kodansha, 793
Movic, 793
NHK, 795
m.o.e., 797
Victor Entertainment, 799
Bandai Visual, 801
Dentsu, 801
Victor Entertainment, 801
Tokuma Shoten, 801
Shochiku, 807
NHK, 807
Kodansha, 807
Movic, 807
Nippon Shuppan Hanbai (Nippan) K.K., 807
Fuji TV, 813
Nihon Ad Systems, 815
Shueisha, 815
Bandai Visual, 817
Lantis, 817
Shogakukan Productions, 819
ZOOM ENTERPRISE, 819
OB Planning, 821
Fuji TV, 821
Green Bunny, 823
Digital Works, 827
Kadokawa Shoten, 831
Broccoli, 831
TBS, 831
Pioneer LDC, 831
Imagica, 833
TBS, 841
Aniplex, 845
Ashi Production, 845
Sony Music Entertainment, 845
Lantis, 849
Kadokawa Shoten, 849
Kadokawa Pictures Japan, 849
KlockWorx, 849
VAP, 853
Hakusensha, 853
Nippon Television Network, 853
Lantis, 855
Dwango, 855
Marvelous, 857
Kodansha, 857
Fuji TV, 859
TBS, 861
BMG Japan, 861
Kids Station, 861
Kodansha, 861
Genco, 863
Showgate, 863
Futabasha, 863
Sotsu, 865
Nagoya TV Housou, 865
Kadokawa Shoten, 867
Bandai Visual, 869
Kadokawa Shoten, 869
TV Tokyo, 873
Bandai Visual, 873
CyberConnect2, 873
Beyond C., 875
VAP, 877
Nippon Television Network, 877
Shueisha, 877
Bandai Visual, 879
Sotsu, 879
TV Tokyo Music, 879
Media Factory, 881
Movic, 883
A-Line, 883
Tokuma Shoten, 885
Bandai Visual, 887
Geneon Universal Entertainment, 889
Shogakukan, 889
Studio Take Off, 905
TV Asahi, 907
Bandai Visual, 909
