Sunrise, 1
Madhouse, 6
Toei Animation, 8
J.C.Staff, 16
A.C.G.T., 18
Studio Pierrot, 20
Trans Arts, 22
Studio Comet, 24
Madhouse, 26
Sunrise, 28
Gainax, 30
Tatsunoko Production, 30
Gainax, 32
Production I.G, 32
Studio Deen, 44
Studio Gallop, 46
Bee Train, 48
AIC, 50
Bones, 52
Digital Frontier, 54
Bee Train, 56
Xebec, 56
AIC, 58
Gonzo, 60
feel., 62
Zexcs, 62
Nomad, 64
J.C.Staff, 66
Gonzo, 68
Kyoto Animation, 72
Group TAC, 74
Seven Arcs, 76
Sunrise, 80
Sunrise, 82
Sunrise, 84
Sunrise, 86
Sunrise, 88
Sunrise, 90
Sunrise, 92
Sunrise, 94
Sunrise, 96
Sunrise, 98
Hal Film Maker, 100
TMS Entertainment, 102
Studio Pierrot, 104
Toei Animation, 106
Studio Deen, 108
Nippon Animation, 110
Imagin, 112
Studio Live, 112
Production I.G, 114
AIC, 116
AIC, 118
Studio Deen, 120
Studio Deen, 122
Studio Pierrot, 124
ufotable, 126
feel., 126
Studio Flag, 126
Gonzo, 128
Studio Pierrot, 130
Studio Deen, 132
Madhouse, 134
Nippon Animation, 136
Nippon Animation, 138
Toei Animation, 142
Toei Animation, 144
Gainax, 146
Shaft, 146
Studio Deen, 148
Production I.G, 150
Gonzo, 152
Xebec, 154
Madhouse, 156
Studio Deen, 158
AIC, 160
Madhouse, 162
Studio Ghibli, 164
Gonzo, 166
Sunrise, 168
Toei Animation, 170
Madhouse, 174
Seven Arcs, 176
Production Reed, 178
Gonzo, 180
Sunrise, 182
Toei Animation, 184
Pastel, 186
Xebec, 190
Xebec, 192
Satelight, 194
Daume, 196
Gonzo, 198
TMS Entertainment, 200
Bones, 202
Studio Deen, 204
AIC, 206
Studio Deen, 208
Studio Deen, 210
APPP, 212
Bones, 216
Xebec, 218
Arms, 222
Arms, 226
Studio Deen, 228
Toei Animation, 230
Madhouse, 232
Tokyo Kids, 234
Studio Pierrot, 236
Studio Pierrot, 238
Palm Studio, 240
Madhouse, 242
OLM, 244
Studio Deen, 246
Madhouse, 248
Toei Animation, 250
Bee Train, 252
Shin-Ei Animation, 254
CoMix Wave Films, 256
Madhouse, 258
Studio Hibari, 260
Studio Hibari, 262
Madhouse, 264
J.C.Staff, 266
APPP, 268
Gonzo, 270
Bee Train, 272
Gonzo, 274
Gainax, 276
Shaft, 276
Group TAC, 278
Studio Gallop, 280
TMS Entertainment, 282
Group TAC, 284
TMS Entertainment, 286
Madhouse, 288
Sunrise, 290
A.C.G.T., 292
Radix, 294
Madhouse, 296
Bee Train, 298
Toei Animation, 300
Nippon Animation, 302
AIC, 304
Gainax, 306
Madhouse, 306
Ajia-Do, 308
Studio Pierrot, 310
AIC, 316
TNK, 318
Production Reed, 318
Arms, 320
Madhouse, 322
Sunrise, 324
Madhouse, 326
OLM, 328
Studio Pierrot, 330
Nippon Animation, 332
Toei Animation, 334
Bee Train, 336
Tokyo Movie Shinsha, 338
Studio Comet, 340
J.C.Staff, 342
Group TAC, 344
Trinet Entertainment, 346
Picture Magic, 346
Xebec, 348
Toei Animation, 350
Toei Animation, 352
Studio Matrix, 354
Studio Deen, 356
Toei Animation, 358
Group TAC, 360
TMS Entertainment, 364
Tokyo Kids, 364
Minami Machi Bugyousho, 364
Studio Fantasia, 366
Milky Animation Label, 368
Magic Bus, 370
Madhouse, 372
Production Reed, 374
Arms, 376
Actas, 378
Studio Pierrot, 380
Chaos Project, 382
Gonzo, 384
Production Reed, 386
Studio Comet, 388
Studio Comet, 390
Studio Pierrot, 392
J.C.Staff, 394
Sunrise, 396
Sunrise, 398
Sunrise, 400
Madhouse, 402
AIC, 404
TMS Entertainment, 406
Madhouse, 408
Gainax, 412
Shaft, 412
Studio Ghibli, 416
Studio 4°C, 420
Studio Fantasia, 422
Sunrise, 424
Madhouse, 426
Gonzo, 428
Bones, 430
Ashi Production, 432
AIC, 434
Arcs Create, 438
J.C.Staff, 440
Studio Pierrot, 442
Studio Deen, 444
ufotable, 446
Madhouse, 448
Sunrise, 450
Kyoto Animation, 452
Sunrise, 452
Bee Train, 454
J.C.Staff, 456
OLM, 458
Toei Animation, 460
Toei Animation, 462
Toei Animation, 464
Production I.G, 466
Production I.G, 468
Madhouse, 470
OLM, 472
Triangle Staff, 474
Karaku, 476
Satelight, 478
Production Reed, 478
Studio Gallop, 482
Studio Pierrot, 484
A.C.G.T., 486
Daume, 488
Shaft, 490
Madhouse, 496
AIC, 498
Toei Animation, 502
Eiken, 506
TMS Entertainment, 508
Arms, 510
Studio Ghibli, 512
Studio Hibari, 512
Daume, 514
Sunrise, 516
Production Reed, 518
Madhouse, 522
Daume, 524
Production I.G, 526
OLM, 528
Toei Animation, 530
Toei Animation, 532
E&amp;G Films, 534
J.C.Staff, 536
AIC, 538
AIC, 540
Triangle Staff, 544
Radix, 546
Toei Animation, 550
Toei Animation, 552
OLM, 554
Production Reed, 554
OLM, 556
Studio Hibari, 558
Production I.G, 560
Xebec, 560
J.C.Staff, 564
Madhouse, 566
AIC, 568
Production I.G, 570
Studio Ghibli, 572
Studio Hibari, 572
Sunrise, 574
Tokyo Kids, 576
Studio Ghibli, 578
Studio Pierrot, 580
Magic Bus, 582
Satelight, 584
Toei Animation, 586
TNK, 588
Group TAC, 590
TMS Entertainment, 592
Studio Pierrot, 594
Madhouse, 596
Radix, 598
Radix, 600
Marine Entertainment, 600
Gainax, 602
Studio Pierrot, 604
Madhouse, 606
Production I.G, 608
Shaft, 610
Xebec, 612
J.C.Staff, 614
Studio Gallop, 616
Madhouse, 618
TMS Entertainment, 620
Studio Deen, 624
Studio Hibari, 624
Production Reed, 624
Toei Animation, 626
Madhouse, 630
Production Reed, 630
Gainax, 632
Shaft, 632
A.C.G.T., 634
Madhouse, 636
Madhouse, 642
J.C.Staff, 644
Studio Deen, 646
OLM, 650
Madhouse, 652
Kyoto Animation, 656
Madhouse, 658
Toei Animation, 660
Bones, 664
APPP, 666
Studio Flag, 668
Trinet Entertainment, 670
Picture Magic, 670
Studio Deen, 678
Tokyo Kids, 682
AIC A.S.T.A., 686
Hal Film Maker, 688
AIC, 690
Zexcs, 694
AIC, 696
Toei Animation, 704
Radix, 706
Chaos Project, 706
Telecom Animation Film, 708
Shaft, 710
Shogakukan Music &amp; Digital Entertainment, 712
J.C.Staff, 718
Production Reed, 732
Zexcs, 734
J.C.Staff, 736
SynergySP, 738
Toei Animation, 740
AIC, 744
TNK, 746
Studio Deen, 750
J.C.Staff, 752
TMS Entertainment, 754
Bones, 758
Madhouse, 760
Studio Pierrot, 762
Xebec, 764
Group TAC, 766
View Works, 766
Studio Rikka, 770
J.C.Staff, 776
TMS Entertainment, 780
Sunrise, 782
Creators Dot Com, 786
J.C.Staff, 788
Manglobe, 790
Nippon Animation, 796
J.C.Staff, 798
Triangle Staff, 800
Xebec, 808
Production Reed, 808
Satelight, 812
Trans Arts, 814
Radix, 816
Shaft, 818
Artland, 820
Magic Bus, 820
Pastel, 822
Studio Pierrot, 834
Zexcs, 836
Planet, 838
Studio Live, 840
Pastel, 842
Toei Animation, 844
Studio Comet, 846
feel., 848
Tokyo Kids, 850
Toei Animation, 852
Picture Magic, 854
OLM, 856
Brain&#039;s Base, 858
OLM, 860
Sunrise, 864
Hal Film Maker, 866
J.C.Staff, 868
Production I.G, 870
Studio 4°C, 872
Toei Animation, 874
Studio Hibari, 876
Production Reed, 876
Sunrise, 878
AIC, 880
Studio Pierrot, 882
OLM Digital, 884
Studio Deen, 886
Xebec, 888
Sunrise, 890
Toei Animation, 892
Toei Animation, 894
Toei Animation, 896
Toei Animation, 898
Toei Animation, 900
Toei Animation, 902
Toei Animation, 904
Toei Animation, 906
Bones, 908
Arms, 910
Studio Pierrot, 912
Studio Hibari, 914
AIC Spirits, 916
Group TAC, 916
Sunrise, 918
Kyoto Animation, 920
Tatsunoko Production, 920
Toei Animation, 924
Toei Animation, 926
Gonzo, 928
Sunrise, 930
Daume, 932
Studio Deen, 934
Studio Pierrot, 936
Seven Arcs, 940
Hal Film Maker, 942
Xebec, 944
APPP, 950
Madhouse, 952
TNK, 952
Toei Animation, 956
Satelight, 958
Nippon Animation, 960
Hal Film Maker, 962
Imagin, 964
Studio Live, 964
Shin-Ei Animation, 966
Enoki Films, 970
Dai Nippon Printing, 970
Studio Jam, 972
Production I.G, 974
Ajia-Do, 976
Brain&#039;s Base, 978
Xebec, 980
TNK, 982
Toei Animation, 984
Toei Animation, 986
Group TAC, 988
G&amp;G Entertainment, 988
Toei Animation, 990
AIC, 992
Mook Animation, 994
Toei Animation, 996
Production I.G, 998
Production Reed, 998
Toei Animation, 1000
Gainax, 1002
AIC, 1006
Gainax, 1008
Studio Deen, 1008
Studio Deen, 1010
Madhouse, 1012
J.C.Staff, 1014
Madhouse, 1016
J.C.Staff, 1018
Madhouse, 1020
Tatsunoko Production, 1022
Triangle Staff, 1024
Animate Film, 1024
Studio Pierrot, 1026
Studio 4°C, 1028
Studio Ghibli, 1030
Studio Pierrot, 1032
Gainax, 1034
Arms, 1038
Nippon Animation, 1040
Production I.G, 1042
Toei Animation, 1044
Tatsunoko Production, 1048
Toei Animation, 1050
Production I.G, 1056
Gainax, 1060
Brain&#039;s Base, 1064
J.C.Staff, 1066
Sunrise, 1068
Toei Animation, 1068
Radix, 1070
Studio 4°C, 1072
Studio Pierrot, 1074
TMS Entertainment, 1076
Madhouse, 1078
Gonzo, 1080
J.C.Staff, 1082
Studio Pierrot, 1084
Bones, 1086
Artland, 1088
Tatsunoko Production, 1088
Sunrise, 1090
Sunrise, 1092
Toei Animation, 1094
Production I.G, 1096
Production Reed, 1096
Gonzo, 1098
J.C.Staff, 1100
Romanov Films, 1102
OLM, 1104
Studio 4°C, 1106
Studio Deen, 1108
Actas, 1110
SynergySP, 1110
Gonzo, 1112
Triangle Staff, 1116
OLM, 1118
OLM, 1120
OLM, 1122
Sunrise, 1124
OLM, 1126
TNK, 1128
Toei Animation, 1132
Sunrise, 1136
Bee Train, 1138
Gonzo, 1140
J.C.Staff, 1142
AIC, 1146
Madhouse, 1148
J.C.Staff, 1152
Toei Animation, 1154
Gonzo, 1156
Chaos Project, 1158
J.C.Staff, 1162
J.C.Staff, 1164
Studio Deen, 1168
J.C.Staff, 1170
J.C.Staff, 1172
Kyoto Animation, 1174
AIC, 1178
Artmic, 1178
Studio Pierrot, 1180
Triangle Staff, 1182
E&amp;G Films, 1184
AIC, 1186
Studio Deen, 1188
Production I.G, 1190
Yamato Works, 1192
ufotable, 1194
Artland, 1196
Trinet Entertainment, 1198
Studio Hibari, 1198
ACC Production, 1200
Tamura Shigeru Studio, 1204
Toei Animation, 1208
Gonzo, 1210
Hal Film Maker, 1212
Toei Animation, 1214
J.C.Staff, 1216
Daume, 1218
CoMix Wave Films, 1220
Artland, 1222
Madhouse, 1224
Sunrise, 1226
Daume, 1228
Brain&#039;s Base, 1230
Zero-G Room, 1232
Tokyo Kids, 1234
Toei Animation, 1236
Toei Animation, 1238
Toei Animation, 1240
Production Reed, 1240
J.C.Staff, 1244
Artland, 1246
Sunrise, 1248
Xebec, 1250
Gainax, 1252
Toei Animation, 1254
Toei Animation, 1256
Toei Animation, 1258
Toei Animation, 1260
AIC, 1262
Sunrise, 1264
Sunrise, 1266
Madhouse, 1268
AIC, 1270
Animate Film, 1270
Tokyo Kids, 1276
Toei Animation, 1278
Madhouse, 1280
Production Reed, 1284
Zero-G Room, 1286
Studio Deen, 1288
Madhouse, 1290
Gonzo, 1292
APPP, 1296
Studio Fantasia, 1298
APPP, 1300
Toei Animation, 1302
Studio World, 1302
Xebec, 1312
Sunrise, 1314
Production I.G, 1316
J.C.Staff, 1324
Production Reed, 1324
Studio Gallop, 1328
J.C.Staff, 1338
J.C.Staff, 1344
AIC, 1346
Artmic, 1346
Darts, 1348
AIC, 1350
Madhouse, 1352
Toei Animation, 1356
Toei Animation, 1358
Group TAC, 1362
TMS Entertainment, 1364
TMS Entertainment, 1366
TMS Entertainment, 1368
Studio Deen, 1370
Studio Deen, 1372
OLM, 1374
Toei Animation, 1376
J.C.Staff, 1378
Sunrise, 1382
AIC, 1384
AT-2, 1386
AT-2, 1388
Sunrise, 1392
Sunrise, 1394
Sunrise, 1396
Production Reed, 1398
Production Reed, 1400
Arms, 1404
Imagin, 1408
Production I.G, 1410
Tokyo Movie Shinsha, 1412
TMS Entertainment, 1414
Tokyo Movie Shinsha, 1416
TMS Entertainment, 1418
TMS Entertainment, 1424
Tokyo Movie Shinsha, 1426
Madhouse, 1442
Toei Animation, 1448
Sunrise, 1450
Madhouse, 1454
TNK, 1456
Tatsunoko Production, 1458
Tatsunoko Production, 1460
Madhouse, 1462
Studio 4°C, 1462
Studio Junio, 1466
Annapuru, 1466
Studio Pierrot, 1468
Sunrise, 1470
Sunrise, 1472
Sunrise, 1474
Production Reed, 1474
Sunrise, 1476
J.C.Staff, 1480
TMS Entertainment, 1482
J.C.Staff, 1484
Studio Gallop, 1486
Studio Pierrot, 1488
Planet, 1490
TMS Entertainment, 1492
J.C.Staff, 1494
Madhouse, 1496
Group TAC, 1498
Hal Film Maker, 1500
AIC, 1502
TMS Entertainment, 1506
APPP, 1508
TNK, 1514
SynergySP, 1516
Tezuka Productions, 1520
Production I.G, 1524
OLM, 1526
Artmic, 1528
Kyoto Animation, 1530
Zexcs, 1532
Toei Animation, 1534
Xebec, 1536
Gonzo, 1538
AIC, 1538
Sunrise, 1542
Brain&#039;s Base, 1544
Shaft, 1546
Toei Animation, 1548
Tokyo Movie Shinsha, 1550
J.C.Staff, 1554
Brain&#039;s Base, 1556
J.C.Staff, 1560
Nippon Animation, 1562
OLM, 1564
Production I.G, 1566
Studio Hibari, 1568
Artland, 1570
Mushi Production, 1572
Studio Deen, 1574
Sunrise, 1576
Satelight, 1578
Studio Fantasia, 1580
Animate Film, 1580
Production Reed, 1582
ufotable, 1586
Zexcs, 1588
Studio Gallop, 1590
Studio Gallop, 1592
Studio Deen, 1594
Shaft, 1596
Tatsunoko Production, 1598
Satelight, 1600
Studio Fantasia, 1602
Artland, 1604
Sunrise, 1606
JCF, 1608
Madhouse, 1614
Group TAC, 1614
J.C.Staff, 1618
TMS Entertainment, 1620
Production I.G, 1622
OLM, 1624
Madhouse, 1626
Magic Bus, 1628
AT-2, 1632
Office Take Off, 1634
Nippon Animation, 1638
Venet, 1640
Studio Pierrot, 1642
J.C.Staff, 1644
TNK, 1648
Group TAC, 1650
Studio Hibari, 1654
TMS Entertainment, 1658
APPP, 1660
TMS Entertainment, 1662
Vega Entertainment, 1664
Toei Animation, 1666
Madhouse, 1668
Madhouse, 1672
Studio Comet, 1674
Vega Entertainment, 1676
Japan Vistec, 1678
Satelight, 1682
Shaft, 1684
Studio Pierrot, 1686
Diomedea, 1688
Gonzo, 1690
Sunrise, 1694
Bee Train, 1696
J.C.Staff, 1698
Studio Deen, 1704
Echo, 1706
Xebec, 1710
J.C.Staff, 1718
feel., 1722
Studio Comet, 1724
Madhouse, 1726
Studio Pierrot, 1728
Shaft, 1732
Actas, 1734
TMS Entertainment, 1736
Telecom Animation Film, 1738
Trans Arts, 1740
Kitty Films, 1742
Studio Hibari, 1744
Madhouse, 1748
Studio Deen, 1750
Madhouse, 1752
Madhouse, 1754
Madhouse, 1758
J.C.Staff, 1762
Animate Film, 1762
Toei Animation, 1764
J.C.Staff, 1766
AT-2, 1770
AIC, 1772
Satelight, 1774
Arms, 1782
J.C.Staff, 1786
Sunrise, 1792
Sunrise, 1794
Sunrise, 1796
Yumeta Company, 1798
Sunrise, 1802
Studio Pierrot, 1804
Ajia-Do, 1804
Satelight, 1808
TNK, 1810
TMS Entertainment, 1816
Madhouse, 1818
OLM, 1820
Artmic, 1822
Madhouse, 1824
OLM, 1826
OLM, 1830
AIC, 1832
Artmic, 1832
Asread, 1836
J.C.Staff, 1840
Studio Hibari, 1842
Studio Pierrot, 1844
Phoenix Entertainment, 1846
Sunrise, 1848
Sunrise, 1850
Shaft, 1852
Picture Magic, 1856
ufotable, 1858
AIC Spirits, 1860
BeSTACK, 1860
Gonzo, 1862
Satelight, 1864
Toei Animation, 1868
Xebec, 1872
Imagin, 1874
Studio Live, 1874
TMS Entertainment, 1878
Madhouse, 1880
Nomad, 1884
Daume, 1888
Madhouse, 1890
Group TAC, 1892
Studio Gallop, 1894
Image House, 1896
J.C.Staff, 1898
Artland, 1902
Madhouse, 1910
Madhouse, 1914
Sunrise, 1916
Studio Pierrot, 1920
Studio Deen, 1922
Ishikawa Pro, 1926
OLM, 1928
Toei Animation, 1930
Toei Animation, 1932
Studio Deen, 1936
AIC, 1940
Mook DLE, 1942
AIC, 1944
Toei Animation, 1946
Madhouse, 1952
TMS Entertainment, 1954
Arms, 1956
TMS Entertainment, 1960
Group TAC, 1962
Ajia-Do, 1966
Sunrise, 1968
Studio Gallop, 1972
TMS Entertainment, 1972
Tokyo Movie Shinsha, 1974
Studio 4°C, 1978
Madhouse, 1980
Mushi Production, 1982
Toei Animation, 1986
Arms, 1988
J.C.Staff, 1990
Studio Deen, 1996
Studio 4°C, 1998
APPP, 2000
Xebec, 2002
Madhouse, 2004
Toei Animation, 2006
Madhouse, 2008
Studio Deen, 2010
Toei Animation, 2012
Studio Deen, 2014
Studio Pierrot, 2016
Studio Pierrot, 2018
Toei Animation, 2020
J.C.Staff, 2022
SynergySP, 2026
Sunrise, 2028
Bee Train, 2030
Production I.G, 2032
Toei Animation, 2034
Nippon Animation, 2036
Studio Pierrot, 2038
Production Reed, 2040
Sunrise, 2042
Studio Pierrot, 2044
Studio Pierrot, 2046
Sunrise, 2048
Gainax, 2050
Studio Pierrot, 2056
Big Bang, 2058
AIC, 2060
Artmic, 2060
Animate Film, 2060
AIC, 2062
Artmic, 2062
Animate Film, 2062
AIC, 2064
AIC, 2066
Studio OX, 2072
Toei Animation, 2076
Studio Pierrot, 2080
Production Reed, 2084
Production Reed, 2086
J.C.Staff, 2090
Madhouse, 2092
Studio Pierrot, 2098
AIC, 2100
AIC, 2102
Gonzo, 2104
Satelight, 2106
Xebec, 2108
Xebec, 2110
Xebec, 2112
Tatsunoko Production, 2114
Tsuchida Productions, 2116
Sunrise, 2124
Studio Pierrot, 2126
Sunrise, 2128
Madhouse, 2130
Seven Arcs, 2132
Arms, 2136
APPP, 2138
Y.O.U.C, 2140
Studio Pierrot, 2142
Studio Pierrot, 2144
SOEISHINSHA, 2146
Lilix, 2148
Telescreen BV, 2150
Madhouse, 2152
Studio 4°C, 2154
TMS Entertainment, 2156
Tokyo Kids, 2158
Minami Machi Bugyousho, 2158
Picture Magic, 2162
Madhouse, 2164
Remic, 2166
Satelight, 2170
Toei Animation, 2174
Gonzo, 2176
Asread, 2176
Madhouse, 2178
APPP, 2182
Sunrise, 2200
Toei Animation, 2202
TMS Entertainment, 2204
Madhouse, 2206
Arms, 2208
Gonzo, 2212
Tezuka Productions, 2214
Madhouse, 2216
AIC, 2220
Toei Animation, 2222
Tatsunoko Production, 2224
Nippon Animation, 2226
Shaft, 2226
Toei Animation, 2230
Madhouse, 2236
Venet, 2238
J.C.Staff, 2240
TNK, 2244
Toei Animation, 2246
Studio Pierrot, 2248
Toei Animation, 2252
Sunrise, 2254
Production Reed, 2256
Sunrise, 2258
Studio Fantasia, 2260
Phoenix Entertainment, 2262
Tezuka Productions, 2264
Toei Animation, 2268
Production Reed, 2272
Animate Film, 2274
AIC, 2278
Tezuka Productions, 2282
Studio Gallop, 2284
Production Reed, 2288
Toei Animation, 2290
AIC, 2292
Darts, 2292
Sunrise, 2294
Sunrise, 2298
Sunrise, 2302
Sunrise, 2304
Sunrise, 2306
A.C.G.T., 2308
Studio Deen, 2310
Urban Product, 2314
Front Line, 2324
Studio G-1Neo, 2324
Trans Arts, 2330
Animate Film, 2332
Studio Gallop, 2334
Studio Pierrot, 2336
AIC, 2346
Oh! Production, 2354
Studio Live, 2356
J.C.Staff, 2364
J.C.Staff, 2366
Trans Arts, 2382
Toei Animation, 2386
Production I.G, 2388
Studio Sign, 2390
Shin-Ei Animation, 2392
Toei Animation, 2398
Toei Animation, 2400
Mushi Production, 2402
Xebec, 2404
Eiken, 2406
Sunrise, 2408
Studio Jam, 2412
Studio Core, 2414
Nippon Animation, 2416
Bones, 2418
Ajia-Do, 2420
Studio Gallop, 2422
AT-2, 2430
Studio 9 MAiami, 2432
Production I.G, 2448
Shin-Ei Animation, 2450
TMS Entertainment, 2452
Studio Pierrot, 2454
Studio Pierrot, 2458
J.C.Staff, 2462
Studio Hibari, 2464
AIC, 2466
Madhouse, 2468
Toei Animation, 2470
Studio Pierrot, 2472
J.C.Staff, 2474
TNK, 2476
Sunrise, 2484
Studio Ghibli, 2488
Toei Animation, 2490
Group TAC, 2492
AIC Spirits, 2494
Toei Animation, 2498
Madhouse, 2500
Y.O.U.C, 2506
Arms, 2508
Production Reed, 2510
TMS Entertainment, 2512
TMS Entertainment, 2514
Sunrise, 2516
Artland, 2518
Toei Animation, 2520
Triple X, 2538
Tokyo Movie Shinsha, 2542
Nippon Animation, 2544
Nippon Animation, 2546
Nippon Animation, 2548
Group TAC, 2552
Nippon Animation, 2554
Nippon Animation, 2558
Toei Animation, 2560
Studio Deen, 2562
Studio Deen, 2564
TMS Entertainment, 2570
Nippon Animation, 2572
Tatsunoko Production, 2574
Nippon Animation, 2576
Shaft, 2580
Sunrise, 2582
Sunrise, 2584
Sunrise, 2586
Madhouse, 2594
Production I.G, 2596
Sunrise, 2598
Sunrise, 2600
Artland, 2602
J.C.Staff, 2604
Toei Animation, 2606
A.C.G.T., 2608
Studio Pierrot, 2612
Nippon Animation, 2614
Studio Ghibli, 2616
Madhouse, 2618
TMS Entertainment, 2618
Magic Bus, 2622
TMS Entertainment, 2624
Shin-Ei Animation, 2626
Shin-Ei Animation, 2628
Shin-Ei Animation, 2648
Shin-Ei Animation, 2650
Shin-Ei Animation, 2652
Shin-Ei Animation, 2656
Shin-Ei Animation, 2658
Shin-Ei Animation, 2662
Shin-Ei Animation, 2664
Shin-Ei Animation, 2674
Toei Animation, 2680
TMS Entertainment, 2684
Eiken, 2686
Production I.G, 2688
Madhouse, 2694
Sunrise, 2696
Pastel, 2698
Xebec, 2700
Genco, 2700
Triangle Staff, 2700
Xebec, 2702
Xebec, 2704
Xebec, 2706
Ajia-Do, 2708
TMS Entertainment, 2708
Ajia-Do, 2710
Ajia-Do, 2712
Studio Deen, 2716
Sunrise, 2722
Gainax, 2724
OLM, 2728
J.C.Staff, 2730
Brain&#039;s Base, 2734
OLM, 2736
OLM, 2738
OLM, 2740
OLM, 2742
J.C.Staff, 2744
Oxybot, 2746
Tatsunoko Production, 2748
Nippon Animation, 2750
M.S.C, 2752
J.C.Staff, 2754
Sunwoo Entertainment, 2756
Sunrise, 2758
Sunrise, 2760
Group TAC, 2762
Madhouse, 2766
Madhouse, 2768
Madhouse, 2770
Studio Flag, 2772
J.C.Staff, 2780
Studio Fantasia, 2782
OLM, 2784
Radix, 2786
Production I.G, 2792
Pink Pineapple, 2798
Toei Animation, 2800
Toei Animation, 2802
Production Reed, 2804
Asahi Production, 2804
Xebec, 2808
Telescreen BV, 2814
Sunrise, 2816
Toei Animation, 2816
Sunrise, 2818
Tatsunoko Production, 2820
Production Reed, 2820
Asahi Production, 2820
Telescreen BV, 2822
Studio Pierrot, 2824
Panmedia, 2826
Meruhensha, 2826
Madhouse, 2828
TMS Entertainment, 2828
Toei Animation, 2830
Gonzo, 2832
Gainax, 2832
Production I.G, 2832
Madhouse, 2832
Studio 4°C, 2832
Satelight, 2832
CoMix Wave Films, 2832
Japan Taps, 2834
Nippon Animation, 2836
OLM, 2842
Shin-Ei Animation, 2848
Flavors Soft, 2852
AT-2, 2862
Flavors Soft, 2868
Flavors Soft, 2870
Tatsunoko Production, 2882
Studio Ghibli, 2890
Tatsunoko Production, 2892
Sunrise, 2904
TMS Entertainment, 2912
Sunrise, 2916
Mushi Production, 2920
Tokyo Movie Shinsha, 2922
Shaft, 2924
Doga Kobo, 2926
Bee Train, 2928
Production I.G, 2930
Production Reed, 2938
Hal Film Maker, 2942
Toei Animation, 2948
OLM, 2950
Square Enix, 2952
Studio Deen, 2954
Toei Animation, 2962
Gonzo, 2964
Imagin, 2966
Brain&#039;s Base, 2978
Toei Animation, 2980
AT-2, 2982
AIC A.S.T.A., 2986
Madhouse, 2994
Madhouse, 2998
Studio Deen, 3000
Madhouse, 3002
Madhouse, 3004
Shin-Ei Animation, 3006
Tatsunoko Production, 3008
Ashi Production, 3010
Sunrise, 3012
Artland, 3014
Madhouse, 3014
Magic Bus, 3016
Toei Animation, 3020
Toei Animation, 3022
Mushi Production, 3024
Studio Fantasia, 3026
Toei Animation, 3032
Studio Jam, 3034
Group TAC, 3036
Tezuka Productions, 3044
Piko Studio, 3048
AT-2, 3050
Sunrise, 3054
Studio Pierrot, 3060
Magic Bus, 3064
Toei Animation, 3072
J.C.Staff, 3074
Toei Animation, 3076
AIC, 3078
Gainax, 3080
feel., 3086
Production I.G, 3088
Studio Deen, 3092
Sunrise, 3098
Flavors Soft, 3102
Studio Jam, 3108
Nippon Animation, 3110
Studio Pierrot, 3114
Madhouse, 3120
Shin-Ei Animation, 3130
Nippon Animation, 3132
Gonzo, 3138
A.C.G.T., 3146
Madhouse, 3152
Tatsunoko Production, 3154
Nippon Animation, 3162
Tokyo Kids, 3166
Nomad, 3174
Production Reed, 3176
Nippon Animation, 3180
Yumeta Company, 3182
Toei Animation, 3186
Telescreen BV, 3194
Nippon Animation, 3196
PrimeTime, 3210
J.C.Staff, 3214
Mushi Production, 3220
Gonzo, 3222
Asread, 3222
SynergySP, 3226
Shaft, 3228
Gonzo, 3230
Production Reed, 3232
Bones, 3248
Studio Pierrot, 3258
J.C.Staff, 3266
Sunrise, 3268
Production I.G, 3270
Toei Animation, 3272
Toei Animation, 3274
Toei Animation, 3276
Toei Animation, 3278
Toei Animation, 3280
Sunrise, 3288
Production I.G, 3290
J.C.Staff, 3292
Studio Deen, 3298
Nippon Animation, 3306
Toei Animation, 3312
Brain&#039;s Base, 3318
Studio Pierrot, 3320
Zexcs, 3322
Studio Deen, 3326
TNK, 3328
Toei Animation, 3332
Xebec, 3342
Gainax, 3352
Xebec, 3354
Toei Animation, 3356
Brain&#039;s Base, 3358
A-1 Pictures, 3366
Studio Jam, 3384
Toei Animation, 3388
Studio Hibari, 3390
Studio Pierrot, 3394
J.C.Staff, 3398
Tatsunoko Production, 3398
Sunrise, 3406
J.C.Staff, 3410
Group TAC, 3418
J.C.Staff, 3420
Y.O.U.C, 3422
Nippon Animation, 3424
Production I.G, 3430
Sunrise, 3432
Nippon Animation, 3434
Nippon Animation, 3436
Nippon Animation, 3438
Production Reed, 3444
Digital Frontier, 3446
Magic Bus, 3448
AIC, 3456
Nippon Animation, 3460
Asahi Production, 3462
Hal Film Maker, 3464
A.C.G.T., 3466
Studio Deen, 3468
Gonzo, 3470
AIC, 3470
Toei Animation, 3482
Sunrise, 3486
Group TAC, 3488
Studio 4°C, 3506
Studio 4°C, 3508
Group TAC, 3512
TMS Entertainment, 3514
Nippon Animation, 3522
Arms, 3538
Tatsunoko Production, 3546
Studio Pierrot, 3550
Sunrise, 3568
Studio Ghibli, 3570
Satelight, 3572
Actas, 3574
Sunrise, 3576
AT-2, 3582
Bones, 3588
White Fox, 3594
Ashi Production, 3596
J.C.Staff, 3600
Toei Animation, 3602
Shaft, 3604
Doga Kobo, 3614
Madhouse, 3616
Shirogumi, 3618
Production I.G, 3620
Eiken, 3624
Sunrise, 3626
Toei Animation, 3630
Flavors Soft, 3636
Ajia-Do, 3638
Shaft, 3642
Studio Deen, 3652
Zexcs, 3654
A.C.G.T., 3656
Studio Pierrot, 3660
TMS Entertainment, 3668
Tatsunoko Production, 3670
Studio World, 3670
Studio Pierrot, 3672
Shaft, 3674
Production Reed, 3676
Studio 4°C, 3684
Studio Pierrot, 3686
Toei Animation, 3692
Studio 4°C, 3702
Studio Jam, 3706
Toei Animation, 3710
J.C.Staff, 3712
Tokyo Movie Shinsha, 3734
J.C.Staff, 3736
Production I.G, 3736
Kanaban Graphics, 3738
Studio Deen, 3750
Toei Animation, 3752
Toei Animation, 3754
Toei Animation, 3758
Madhouse, 3760
Toei Animation, 3760
Production Reed, 3762
Production Reed, 3764
Eiken, 3768
Eiken, 3776
Madhouse, 3778
ufotable, 3782
Khara, 3784
Khara, 3786
Toei Animation, 3800
Studio Jam, 3802
Kokusai Eigasha, 3808
Tatsunoko Production, 3810
Daume, 3816
Studio Ghibli, 3820
Nippon Animation, 3822
Nippon Animation, 3828
Studio Zero, 3834
Visual 80, 3836
Toei Animation, 3838
Toei Animation, 3842
Toei Animation, 3844
Toei Animation, 3846
Toei Animation, 3848
Planet, 3854
Tatsunoko Production, 3858
GEN Productions, 3866
Toei Animation, 3870
Production Reed, 3874
Toei Animation, 3876
Toei Animation, 3878
Daichi Doga, 3900
Dongyang Animation, 3900
Toei Animation, 3906
Animate Film, 3910
Studio Eromatick, 3918
Toei Animation, 3932
Tatsunoko Production, 3936
Knack Productions, 3942
Xebec, 3948
Production I.G, 3952
ufotable, 3954
J.C.Staff, 3956
A-1 Pictures, 3958
Ordet, 3958
Production I.G, 3962
Trans Arts, 3962
Sunrise, 3964
Studio Gallop, 3972
A-1 Pictures, 3974
Shochiku Animation Institute, 3990
Studio Jam, 4000
T-Rex, 4010
Studio 4°C, 4012
Nippon Animation, 4014
OLM, 4026
J.C.Staff, 4028
SynergySP, 4038
TMS Entertainment, 4050
Trans Arts, 4052
Daume, 4054
Studio Deen, 4056
Production Reed, 4058
Nippon Animation, 4060
Eiken, 4062
Artland, 4066
Actas, 4068
Toei Animation, 4074
Studio Deen, 4080
Madhouse, 4082
Nippon Animation, 4086
Bee Train, 4094
Production I.G, 4094
Madhouse, 4094
Studio 4°C, 4094
Studio 4°C, 4098
Madhouse, 4106
Studio Comet, 4114
Toei Animation, 4124
Xebec, 4130
Kanaban Graphics, 4130
Toei Animation, 4132
Studio Pierrot, 4134
Toei Animation, 4138
AIC, 4150
Tatsunoko Production, 4154
Daume, 4156
Studio Ghibli, 4158
Studio Deen, 4162
Bones, 4182
Zexcs, 4186
Shaft, 4188
J.C.Staff, 4192
Arms, 4196
Toei Animation, 4198
Sunrise, 4200
Kino Production, 4200
Madhouse, 4202
Gonzo, 4214
J.C.Staff, 4224
Sunrise, 4232
Toei Animation, 4240
Kokusai Eigasha, 4242
Bones, 4246
Kinema Citrus, 4246
Toei Animation, 4250
Doga Kobo, 4262
Madhouse, 4264
Radix, 4266
Marine Entertainment, 4266
Suzuki Mirano, 4278
ufotable, 4280
ufotable, 4282
Studio Ghibli, 4306
APPP, 4312
TMS Entertainment, 4320
Bones, 4334
Oz, 4358
Jinnis Animation Studios, 4362
Kyoto Animation, 4382
Sunrise, 4416
Production I.G, 4420
Gonzo, 4450
Satelight, 4454
Kyoto Animation, 4472
Studio Jam, 4492
Studio Jam, 4494
Green Bunny, 4496
Tokyo Movie Shinsha, 4504
feel., 4508
Nippon Animation, 4514
J.C.Staff, 4522
Sunrise, 4532
Nippon Animation, 4534
Sunrise, 4536
Sunrise, 4540
Nomad, 4548
Nippon Animation, 4550
Studio Pierrot, 4554
Sunrise, 4574
Tatsunoko Production, 4578
Nippon Animation, 4584
Daume, 4586
Sunrise, 4596
Tatsunoko Production, 4598
Office Takeout, 4600
Toei Animation, 4614
Nippon Animation, 4616
Madhouse, 4618
Studio Pierrot, 4640
Sunrise, 4650
J.C.Staff, 4654
Studio Gallop, 4664
Studio Deen, 4664
Production I.G, 4672
TMS Entertainment, 4680
TMS Entertainment, 4684
J.C.Staff, 4688
Toei Animation, 4690
Toei Animation, 4712
Seven Arcs, 4720
Hal Film Maker, 4722
Gonzo, 4726
Suzuki Mirano, 4732
Studio Deen, 4742
TNK, 4744
Studio Deen, 4752
Studio Deen, 4756
Xebec, 4760
Hal Film Maker, 4772
Nippon Animation, 4782
Diomedea, 4786
OLM, 4792
OLM, 4794
Gonzo, 4798
Aubec, 4800
Tatsunoko Production, 4808
Tatsunoko Production, 4810
Studio Deen, 4814
Suzuki Mirano, 4816
Animate Film, 4854
Animate Film, 4856
Sugar Boy, 4866
Blue Cat, 4866
Shaft, 4872
OLM, 4874
Sunrise, 4884
Sunrise, 4886
Production I.G, 4890
Studio Deen, 4896
A-1 Pictures, 4898
OLM, 4910
Production I.G, 4918
Nippon Animation, 4926
Shin-Ei Animation, 4936
Production I.G, 4938
Toei Animation, 4948
Studio Deen, 4962
Gonzo, 4970
Studio Pierrot, 5002
Toei Animation, 5006
Nippon Animation, 5014
Studio 4°C, 5016
Studio 4°C, 5018
Arms, 5020
Tatsunoko Production, 5022
SynergySP, 5028
Shaft, 5030
Magic Bus, 5032
Gainax, 5034
feel., 5034
Madhouse, 5040
feel., 5042
Nippon Animation, 5052
Flavors Soft, 5054
Studio Deen, 5060
Production Reed, 5070
Gonzo, 5072
A-1 Pictures, 5074
AIC Plus+, 5080
Sunrise, 5082
Toei Animation, 5082
Madhouse, 5084
E&amp;G Films, 5088
Shin-Ei Animation, 5096
Toei Animation, 5098
Brain&#039;s Base, 5112
Bones, 5114
AIC, 5116
Kyoto Animation, 5118
Ajia-Do, 5132
Group TAC, 5132
J.C.Staff, 5150
Toei Animation, 5152
Asread, 5162
Production I.G, 5168
Flavors Soft, 5172
Studio 4°C, 5178
Toei Animation, 5184
Shin-Ei Animation, 5192
Flavors Soft, 5194
Hal Film Maker, 5196
Ashi Production, 5200
ufotable, 5204
Zexcs, 5216
Gonzo, 5220
Madhouse, 5226
A.C.G.T., 5228
A-1 Pictures, 5234
Production I.G, 5238
Hal Film Maker, 5244
Studio Pierrot, 5246
Toei Animation, 5252
OLM, 5256
Madhouse, 5258
Satelight, 5262
Production Reed, 5266
Sunrise, 5270
Nippon Animation, 5272
Toei Animation, 5274
Magic Bus, 5278
Bones, 5288
Sunrise, 5290
Toei Animation, 5292
Toei Animation, 5296
Brain&#039;s Base, 5300
ufotable, 5306
Pastel, 5308
Satelight, 5310
8bit, 5310
Gonzo, 5322
Production I.G, 5322
Production I.G, 5332
Seven Arcs, 5342
Tatsunoko Production, 5344
TMS Entertainment, 5348
P.A. Works, 5356
Sunrise, 5372
Production I.G, 5386
Sunrise, 5396
Production I.G, 5420
Trans Arts, 5420
Sunrise, 5440
Nomad, 5454
Tokyo Movie Shinsha, 5460
Gainax, 5462
Tatsunoko Production, 5474
Nippon Animation, 5494
Diomedea, 5504
Studio Comet, 5520
OLM, 5526
Xebec, 5530
Eiken, 5534
Studio Pierrot, 5538
Madhouse, 5554
Office AO, 5570
TMS Entertainment, 5578
Nippon Animation, 5594
Nippon Animation, 5600
Studio Jam, 5614
Gainax, 5622
Shin-Ei Animation, 5628
Production I.G, 5630
Himajin Planning, 5644
Studio Jam, 5646
J.C.Staff, 5656
Toei Animation, 5658
AIC Plus+, 5670
Madhouse, 5678
Kyoto Animation, 5680
Bee Train, 5682
Toei Animation, 5684
Toei Animation, 5688
J.C.Staff, 5690
Kyoto Animation, 5702
Sunrise, 5710
Silver Link., 5734
Mushi Production, 5760
T-Rex, 5762
J.C.Staff, 5764
TNK, 5772
PrimeTime, 5774
AIC, 5784
Toei Animation, 5802
Studio Deen, 5828
Shin-Ei Animation, 5830
Toei Animation, 5832
TMS Entertainment, 5834
OLM, 5844
Madhouse, 5848
Nippon Animation, 5854
Ashi Production, 5886
PrimeTime, 5902
Production I.G, 5904
Kyoto Animation, 5908
Production I.G, 5908
Shin-Ei Animation, 5908
feel., 5914
Madhouse, 5918
Toei Animation, 5920
J.C.Staff, 5926
Ripple Film, 5928
Studio Comet, 5938
Manglobe, 5940
AIC A.S.T.A., 5958
Tatsunoko Production, 5962
SynergySP, 5962
Seven, 5962
Toei Animation, 5968
A-1 Pictures, 5978
Ordet, 5978
David Production, 5984
TMS Entertainment, 5986
Production I.G, 5996
Production I.G, 5998
Polygon Pictures, 5998
Studio Comet, 6008
Madhouse, 6024
Toei Animation, 6028
Madhouse, 6030
Satelight, 6032
Production I.G, 6046
Shaft, 6050
Magic Bus, 6060
Studio Deen, 6064
J.C.Staff, 6068
Shin-Ei Animation, 6074
Animate Film, 6078
Visual 80, 6078
Toei Animation, 6096
Studio Comet, 6098
Doga Kobo, 6112
Madhouse, 6114
Toei Animation, 6130
Toei Animation, 6154
Picograph, 6162
J.C.Staff, 6164
AIC Plus+, 6166
OLM, 6172
P.A. Works, 6172
OLM, 6178
Toei Animation, 6182
TMS Entertainment, 6198
Nippon Animation, 6202
Y.O.U.C, 6220
OLM, 6226
J.C.Staff, 6230
P.A. Works, 6234
Madhouse, 6262
Toei Animation, 6266
Toei Animation, 6268
Toei Video, 6270
Toei Animation, 6272
Studio Anima, 6280
Sunrise, 6288
Toei Animation, 6310
Studio Deen, 6312
Zexcs, 6324
J.C.Staff, 6330
Sunrise, 6336
Gainax, 6344
Zexcs, 6368
Production I.G, 6372
Tatsunoko Production, 6374
A-1 Pictures, 6380
Gainax, 6390
Studio Hibari, 6392
Production I.G, 6408
Studio Gallop, 6418
Blue Cat, 6422
Knack Productions, 6428
TMS Entertainment, 6438
Studio Pierrot, 6444
Eiken, 6448
Tezuka Productions, 6462
Group TAC, 6472
Asahi Production, 6482
Toei Animation, 6496
Hoods Entertainment, 6500
AIC, 6512
DLE, 6528
Natural High, 6546
Gainax, 6548
Studio Gallop, 6554
J.C.Staff, 6572
Gainax, 6574
AIC A.S.T.A., 6582
Studio Pierrot, 6586
Studio Hibari, 6586
White Fox, 6594
Studio Deen, 6604
DAX Production, 6604
Sunrise, 6610
ufotable, 6624
Toei Animation, 6630
Production I.G, 6634
Artmic, 6636
Kachidoki Studio, 6658
Studio 4°C, 6666
WAO World, 6670
Toei Animation, 6672
TMS Entertainment, 6674
Seven Arcs, 6676
Doga Kobo, 6682
Toei Animation, 6684
Suzuki Mirano, 6686
PoRO, 6694
Satelight, 6702
A-1 Pictures, 6702
Arms, 6704
Shaft, 6712
Toei Animation, 6714
Studio Take Off, 6718
Studio Pierrot, 6726
Madhouse, 6736
Brain&#039;s Base, 6746
Nomad, 6748
David Production, 6758
Sunrise, 6768
Production I.G, 6772
Xebec, 6772
Toei Animation, 6774
Sunrise, 6792
Sunrise, 6794
OLM, 6798
Toei Animation, 6800
A-1 Pictures, 6802
Nippon Animation, 6822
Kyoto Animation, 6862
Production I.G, 6864
Mushi Production, 6868
Toei Animation, 6872
Kanaban Graphics, 6878
Manglobe, 6880
J.C.Staff, 6882
Brain&#039;s Base, 6884
Marvy Jack, 6884
Encourage Films, 6890
Suzuki Mirano, 6892
Xebec, 6896
OLM Digital, 6900
Future Planet, 6902
Beijing Huihuang Animation Company, 6902
Satelight, 6904
Madhouse, 6918
Madhouse, 6920
Studio Deen, 6922
Shin-Ei Animation, 6930
Indeprox, 6932
TYO Animations, 6946
Shaft, 6948
ufotable, 6954
A-1 Pictures, 6956
Nippon Animation, 6958
Studio Pierrot, 6964
Toei Animation, 6970
A-1 Pictures, 6974
Toei Animation, 6978
Toei Animation, 6980
Shaft, 6984
Suzuki Mirano, 6986
Shin-Ei Animation, 6988
Toei Animation, 7004
Toei Animation, 7014
A-1 Pictures, 7016
Shaft, 7044
Sunrise, 7048
J.C.Staff, 7054
J.C.Staff, 7058
Sunrise, 7060
Shaft, 7062
Gainax, 7066
Satelight, 7082
Artland, 7088
Production I.G, 7092
Tatsunoko Production, 7106
Gainax, 7108
Natural High, 7110
JCF, 7122
Xebec, 7148
Satelight, 7152
Toei Animation, 7156
Toei Animation, 7158
Tatsunoko Production, 7160
OLM, 7174
GoHands, 7176
Satelight, 7222
8bit, 7222
Gainax, 7248
Studio Korumi, 7252
PoRO, 7262
T-Rex, 7266
PoRO, 7268
Sunrise, 7270
Ajia-Do, 7294
TMS Entertainment, 7304
Nippon Animation, 7308
Madhouse, 7314
Madhouse, 7322
TMS Entertainment, 7330
TMS Entertainment, 7334
Toei Animation, 7336
Bones, 7338
Toei Animation, 7364
Production I.G, 7366
Nippon Animation, 7374
Asread, 7396
Toei Animation, 7430
Toei Animation, 7436
GoHands, 7468
Sunrise, 7472
Shaft, 7482
Toei Animation, 7522
Gonzo, 7540
OLM, 7550
Studio Deen, 7568
Toei Animation, 7578
Arms, 7580
TNK, 7580
Y.O.U.C, 7582
Manglobe, 7588
AIC, 7590
Studio Deen, 7592
DLE, 7596
Production I.G, 7598
Toei Animation, 7610
ufotable, 7646
Bones, 7654
Kinema Citrus, 7654
Bee Train, 7662
Studio Pierrot, 7664
Toei Animation, 7666
J.C.Staff, 7674
Toei Animation, 7698
PoRO, 7708
Suzuki Mirano, 7712
A-1 Pictures, 7720
Daume, 7724
Gonzo, 7728
Arms, 7740
Studio Hibari, 7744
ChuChu, 7748
Creators Dot Com, 7750
Production I.G, 7762
J.C.Staff, 7768
Actas, 7770
Doga Kobo, 7774
Nomad, 7782
Toei Animation, 7786
Toei Animation, 7816
Madhouse, 7818
AIC A.S.T.A., 7858
Silver Link., 7870
Topcraft, 7876
Arms, 7882
Bones, 7902
Production I.G, 7904
Actas, 7960
Madhouse, 7972
Studio Pierrot, 8022
Gonzo, 8026
J.C.Staff, 8038
J.C.Staff, 8042
Sunrise, 8062
A-1 Pictures, 8068
Madhouse, 8074
Brain&#039;s Base, 8078
Zexcs, 8086
Xebec, 8098
GoHands, 8100
TMS Entertainment, 8108
PoRO, 8110
Tokyo Movie Shinsha, 8130
Sunrise, 8132
Sunrise, 8134
Tatsunoko Production, 8140
Sunrise, 8142
Ascension, 8142
Toei Animation, 8146
Toei Animation, 8150
Toei Animation, 8152
Toei Animation, 8154
Toei Animation, 8156
Toei Animation, 8158
Studio Gallop, 8162
Plus Heads, 8176
J.C.Staff, 8190
Toei Animation, 8194
AIC A.S.T.A., 8196
TMS Entertainment, 8206
Toei Animation, 8208
Studio Gallop, 8214
E&amp;G Films, 8216
Radix, 8220
Toei Animation, 8226
Toei Animation, 8228
P.A. Works, 8230
Mushi Production, 8234
Sunrise, 8240
Shogakukan Music &amp; Digital Entertainment, 8244
Studio Pierrot, 8246
Sunrise, 8248
Sunrise, 8250
Kachidoki Studio, 8258
Xebec, 8302
TMS Entertainment, 8310
Studio Ghibli, 8312
AIC A.S.T.A., 8314
AIC A.S.T.A., 8316
Studio World, 8324
Xebec, 8336
OLM, 8336
Nippon Animation, 8346
Gainax, 8348
DLE, 8356
Shin-Ei Animation, 8358
Shin-Ei Animation, 8362
Shin-Ei Animation, 8364
Toei Animation, 8394
Brain&#039;s Base, 8408
Tatsunoko Production, 8410
SynergySP, 8410
Studio Deen, 8422
Xebec, 8424
AIC Classic, 8426
Tatsunoko Production, 8436
OLM, 8438
Madhouse, 8440
J.C.Staff, 8442
Animaruya, 8450
Arms, 8456
Asread, 8460
J.C.Staff, 8476
Studio Deen, 8478
Toei Animation, 8490
Toei Animation, 8492
Toei Animation, 8494
Animate Film, 8496
Madhouse, 8500
Toei Animation, 8500
Production I.G, 8514
Xebec, 8514
Silver Link., 8516
Sunrise, 8518
Shin-Ei Animation, 8520
Toei Animation, 8524
Studio 4°C, 8526
Artland, 8532
feel., 8536
Zexcs, 8536
SynergySP, 8538
Toei Animation, 8546
Toei Animation, 8548
Toei Animation, 8550
Toei Animation, 8554
J.C.Staff, 8560
Toei Animation, 8584
Studio World, 8584
Mushi Production, 8598
Toei Animation, 8624
OLM, 8626
Production I.G, 8628
J.C.Staff, 8630
Studio Ghibli, 8632
PrimeTime, 8634
Production I.G, 8648
Xebec, 8648
PoRO, 8654
Production I.G, 8664
Actas, 8666
TAKI Corporation, 8668
AIC, 8676
Shin-Ei Animation, 8678
Shaft, 8726
Sunrise, 8728
Toei Animation, 8740
Sunrise, 8754
Toei Animation, 8756
Studio Pierrot, 8764
Production I.G, 8768
Tatsunoko Production, 8786
Rising Force, 8792
A-1 Pictures, 8800
J.C.Staff, 8812
Life Work, 8832
A-1 Pictures, 8840
Shin-Ei Animation, 8842
Shin-Ei Animation, 8848
Studio Gokumi, 8876
Sunrise, 8888
Studio Deen, 8890
Studio Pierrot, 8894
Madhouse, 8896
Studio Unicorn, 8898
Xebec, 8900
ufotable, 8908
Toei Animation, 8920
Bones, 8934
Nippon Animation, 8950
Toei Animation, 8952
Shin-Ei Animation, 8958
DLE, 8960
Shin-Ei Animation, 8964
TMS Entertainment, 8966
Studio Pierrot, 8972
Madhouse, 8986
Madhouse, 9000
P.A. Works, 9002
Primastea, 9014
Studio Pierrot, 9028
OLM, 9032
Sunrise, 9040
P.A. Works, 9062
Shaft, 9074
Toei Animation, 9078
Sunrise, 9098
Zexcs, 9100
Studio Pierrot, 9120
Pierrot Plus, 9120
A-1 Pictures, 9124
TMS Entertainment, 9130
A-1 Pictures, 9136
Toei Animation, 9154
Toei Animation, 9172
TAKI Corporation, 9202
Ajia-Do, 9204
Studio Pierrot, 9212
A-1 Pictures, 9220
Toei Animation, 9228
Production I.G, 9252
Xebec, 9252
Shaft, 9260
Toei Animation, 9264
Toei Animation, 9288
Shirogumi, 9290
PoRO, 9308
PoRO, 9310
A-1 Pictures, 9314
Ordet, 9314
Agent 21, 9324
Studio Deen, 9330
Kinema Citrus, 9332
Sunrise, 9346
Nippon Animation, 9348
Arms, 9362
J.C.Staff, 9366
Nippon Animation, 9376
Sunrise, 9388
Sunrise, 9390
Toei Animation, 9392
Bridge, 9396
Production I.G, 9404
TMS Entertainment, 9426
G-Lam, 9434
Toei Animation, 9438
TMS Entertainment, 9446
Xebec, 9494
Toei Animation, 9498
Asahi Production, 9506
Bridge, 9510
Sunrise, 9520
Sunrise, 9522
J.C.Staff, 9526
Actas, 9528
Digital Frontier, 9544
Nippon Animation, 9548
Tatsunoko Production, 9562
Gonzo, 9568
Studio Eromatick, 9588
DLE, 9598
AIC Plus+, 9600
ufotable, 9608
AIC Plus+, 9618
Gathering, 9624
Production I.G, 9630
Production I.G, 9656
Zexcs, 9690
P.A. Works, 9706
Sunrise, 9708
Shaft, 9712
Studio Gallop, 9716
Studio Deen, 9716
Y.O.U.C, 9718
Production I.G, 9724
Xebec, 9724
Kyoto Animation, 9734
Diomedea, 9736
Studio Hibari, 9744
Madhouse, 9748
Zexcs, 9750
Brain&#039;s Base, 9754
Shaft, 9756
CoMix Wave Films, 9760
Seven, 9774
Studio Gokumi, 9776
Sunrise, 9782
AIC A.S.T.A., 9790
Gathering, 9794
Shin-Ei Animation, 9796
Studio Ghibli, 9798
Sparkly Key Animation Studio, 9806
Sunrise, 9810
Group TAC, 9812
Toei Animation, 9826
Studio Pierrot, 9834
David Production, 9834
Studio 4°C, 9846
Production Reed, 9862
Asahi Production, 9862
Ajia-Do, 9878
Shin-Ei Animation, 9880
Studio Zero, 9884
Diomedea, 9888
SynergySP, 9890
Studio Fantasia, 9904
Knack Productions, 9906
Madhouse, 9916
Tokyo Movie Shinsha, 9916
Nomad, 9922
Studio Deen, 9926
Sunrise, 9930
AIC Plus+, 9934
AIC, 9936
Satelight, 9938
P.A. Works, 9940
Manglobe, 9958
PoRO, 9970
Sunrise, 9972
Sunrise, 9978
Satelight, 9982
A-1 Pictures, 9982
Silver Link., 9988
Bee Train, 9996
Shin-Ei Animation, 10000
Lerche, 10012
WAO World, 10014
Ascension, 10016
AIC Build, 10020
J.C.Staff, 10030
Production I.G, 10036
Shin-Ei Animation, 10040
Venet, 10048
Satelight, 10050
TMS Entertainment, 10056
TMS Entertainment, 10058
TMS Entertainment, 10060
Toei Animation, 10074
Nomad, 10076
Manglobe, 10080
Production I.G, 10090
Production I.G, 10092
Xebec, 10092
Madhouse, 10098
Production I.G, 10104
AIC Build, 10108
feel., 10110
Ajia-Do, 10114
Shin-Ei Animation, 10116
Toei Animation, 10118
Production I.G, 10152
Sunrise, 10156
Production I.G, 10162
A.C.G.T., 10172
Bones, 10178
Production Reed, 10178
J.C.Staff, 10180
Studio Comet, 10196
Toei Animation, 10200
Production I.G, 10216
Studio 4°C, 10218
Toei Animation, 10224
Studio Nue, 10224
TYO Animations, 10232
Shin-Ei Animation, 10244
Shin-Ei Animation, 10250
WAO World, 10258
MooGoo, 10258
Kinema Citrus, 10260
ACC Production, 10270
A-1 Pictures, 10278
Bones, 10294
J.C.Staff, 10298
OLM, 10302
Zexcs, 10306
TMS Entertainment, 10308
Gathering, 10324
TMS Entertainment, 10330
Studio Gallop, 10334
Studio Deen, 10334
Gonzo, 10336
DLE, 10338
Mushi Production, 10342
Toei Animation, 10346
Jinnis Animation Studios, 10348
Studio Deen, 10350
Studio Pierrot, 10360
SynergySP, 10370
Brain&#039;s Base, 10372
Diomedea, 10378
PoRO, 10380
ChuChu, 10384
Kinema Citrus, 10390
David Production, 10396
Studio PuYUKAI, 10406
Brain&#039;s Base, 10408
Manglobe, 10418
Toei Animation, 10444
Sunrise, 10456
J.C.Staff, 10460
AIC, 10464
ufotable, 10470
Production I.G, 10490
Telecom Animation Film, 10500
Production I.G, 10502
Bones, 10504
Kachidoki Studio, 10506
Tatsunoko Production, 10520
A-1 Pictures, 10532
Shin-Ei Animation, 10534
Production I.G, 10536
DLE, 10540
Seven, 10546
Nippon Animation, 10554
Toei Animation, 10562
J.C.Staff, 10568
Barnum Studio, 10572
Project No.9, 10572
Studio Blanc, 10572
Silver Link., 10578
Diomedea, 10582
AIC A.S.T.A., 10588
PoRO, 10590
Sunrise, 10592
J.C.Staff, 10604
Asread, 10620
Gainax, 10622
GoHands, 10624
Shaft, 10628
Shaft, 10638
Studio Pierrot, 10686
Ajia-Do, 10690
PoRO, 10694
Gainax, 10710
Bones, 10714
Bones, 10716
Y.O.U.C, 10728
Toei Animation, 10732
Toei Animation, 10736
OLM, 10740
Seven, 10764
TMS Entertainment, 10766
Studio Fantasia, 10770
Rabbit Gate, 10770
Sunrise, 10780
Studio Deen, 10790
8bit, 10794
Xebec, 10796
Bones, 10798
Madhouse, 10800
DLE, 10802
Satelight, 10804
Sunrise, 10808
Production Reed, 10820
Satelight, 10832
Silver Link., 10834
DLE, 10838
Bones, 10842
Shin-Ei Animation, 10850
Daume, 10852
Production I.G, 10862
Production I.G, 10870
Studio Animal, 10882
Studio Gokumi, 10884
Studio Deen, 10886
OLM, 10916
TAKI Corporation, 10920
Arms, 10924
Diomedea, 10928
Zexcs, 10934
AIC Plus+, 10936
Production I.G, 10948
Production I.G, 10950
Toei Animation, 10954
DLE, 10958
A-1 Pictures, 11266
AIC Frontier, 16436
Toei Animation, 16442
Diomedea, 16444
Magic Bus, 16454
Nippon Animation, 16458
Nippon Animation, 16460
Toei Animation, 16468
Seven, 16472
T-Rex, 16474
Studio Gallop, 16480
Studio Gallop, 16482
Wit Studio, 16498
Bridge, 16512
Sunrise, 16514
Satelight, 16518
Production I.G, 16524
Wit Studio, 16528
Studio Pierrot, 16586
Sunrise, 16590
Lerche, 16592
8bit, 16614
AIC Classic, 16636
Gainax, 16646
Gainax, 16648
Shin-Ei Animation, 16650
Barnum Studio, 16656
Project No.9, 16656
Studio Ghibli, 16662
Studio Ghibli, 16664
Sunrise, 16668
OLM, 16678
OLM, 16680
Studio Deen, 16694
Studio Deen, 16700
Shin-Ei Animation, 16702
Manglobe, 16706
Tatsunoko Production, 16718
Toei Animation, 16728
Studio Gokumi, 16732
SANZIGEN, 16738
Gainax, 16740
Silver Link., 16742
Asread, 16762
Trigger, 16774
CoMix Wave Films, 16782
Brain&#039;s Base, 16866
Zexcs, 16868
Studio Pierrot, 16870
Doga Kobo, 16890
Production I.G, 16894
GoHands, 16904
Shogakukan Music &amp; Digital Entertainment, 16906
Kachidoki Studio, 16908
Tatsunoko Production, 16910
PoRO, 16914
Production I.G, 16916
A-1 Pictures, 16918
Studio Deen, 16928
Kyoto Animation, 16934
Charaction, 16936
OLM, 16964
Manglobe, 16982
TMS Entertainment, 16988
TMS Entertainment, 17004
TMS Entertainment, 17006
Office Takeout, 17012
Kazami Gakuen Koushiki Douga-bu, 17020
Shaft, 17074
Xebec Zwei, 17080
LIDENFILMS, 17082
Daewon Media, 17092
JCF, 17624
Sunrise, 1
Bones, 5
Sunrise, 7
Studio Gallop, 15
Nippon Animation, 17
Madhouse, 19
Toei Animation, 21
Toei Animation, 23
Gonzo, 25
Gonzo, 27
Studio Deen, 29
Gainax, 31
Production I.G, 31
OLM, 33
Production I.G, 43
Studio Gallop, 45
Studio Deen, 45
Tokyo Movie Shinsha, 47
AIC, 49
Hal Film Maker, 51
J.C.Staff, 53
Bee Train, 55
Madhouse, 57
Madhouse, 59
Xebec, 61
Daume, 63
Nomad, 65
Gonzo, 67
Sunrise, 69
Gonzo, 71
Kyoto Animation, 73
Xebec, 75
Seven Arcs, 77
Xebec, 79
Asread, 79
Sunrise, 81
Sunrise, 83
Sunrise, 85
Sunrise, 87
Studio Hibari, 87
Sunrise, 89
Studio Deen, 89
Sunrise, 91
Sunrise, 93
Sunrise, 95
Nakamura Production, 95
Gonzo, 97
Sunrise, 99
Kyoto Animation, 101
Studio Gallop, 103
Hal Film Maker, 105
Studio Deen, 107
Gonzo, 109
Nippon Animation, 111
Xebec, 113
AIC, 115
AIC, 117
Zexcs, 119
Bones, 121
Studio Pierrot, 123
Telecom Animation Film, 125
Gonzo, 127
Studio Pierrot, 129
Studio Pierrot, 131
Studio Matrix, 133
Studio Pierrot, 135
Nippon Animation, 137
Nippon Animation, 139
feel., 141
TNK, 143
Gainax, 145
J.C.Staff, 145
Studio Fantasia, 147
J.C.Staff, 149
Gainax, 151
Toei Animation, 151
Studio Pierrot, 153
Madhouse, 155
Xebec, 157
Gainax, 159
J.C.Staff, 159
Gonzo, 161
Studio Pierrot, 163
Bones, 165
Bones, 167
J.C.Staff, 169
Hal Film Maker, 171
Studio Deen, 173
Studio Pierrot, 175
Bee Train, 177
Production Reed, 179
Gonzo, 181
Studio Comet, 183
Studio Gallop, 185
Studio Comet, 185
Studio Deen, 187
Xebec, 189
J.C.Staff, 193
Daume, 195
Madhouse, 197
Imagin, 197
Studio Ghibli, 199
Production I.G, 201
Arms, 203
Manglobe, 205
Madhouse, 207
J.C.Staff, 209
Xebec, 219
Arms, 221
Toei Animation, 223
Toei Animation, 225
Gainax, 227
Production I.G, 227
ufotable, 229
Chaos Project, 231
GANSIS, 231
J.C.Staff, 233
TMS Entertainment, 235
Bones, 237
Gonzo, 239
AIC Spirits, 241
Studio Deen, 243
Studio Pierrot, 245
Sunrise, 249
Studio Deen, 251
Shin-Ei Animation, 253
Shin-Ei Animation, 255
J.C.Staff, 257
Studio Hibari, 261
Madhouse, 263
Madhouse, 265
Madhouse, 267
Studio Pierrot, 269
Gonzo, 271
J.C.Staff, 273
Imagin, 275
Studio Live, 275
Gainax, 277
Shaft, 277
TMS Entertainment, 279
Nippon Animation, 283
Sunrise, 285
Group TAC, 287
OLM, 289
feel., 291
Madhouse, 293
Radix, 295
Group TAC, 297
Bee Train, 299
OLM, 303
Studio Pierrot, 305
Tatsunoko Production, 307
Radix, 309
Madhouse, 311
Madhouse, 313
Triangle Staff, 315
Square Enix, 317
Studio Fantasia, 321
Amber Film Works, 321
Madhouse, 323
Studio Comet, 325
Gainax, 327
Sunrise, 329
Nippon Animation, 331
Sunrise, 333
Studio Deen, 335
E&amp;G Films, 337
Triangle Staff, 339
J.C.Staff, 341
Shaft, 343
Studio Pierrot, 345
Bee Train, 347
AIC A.S.T.A., 349
Toei Animation, 351
Toei Animation, 353
J.C.Staff, 355
Nomad, 357
M.S.C, 359
Picture Magic, 363
Rikuentai, 363
Studio Gallop, 367
Madhouse, 369
Madhouse, 371
Studio Fantasia, 373
Animate Film, 373
Production Reed, 375
Actas, 377
Production Reed, 377
J.C.Staff, 379
Studio Pierrot, 381
Madhouse, 383
Group TAC, 385
Japan Vistec, 385
Radix, 387
Tatsunoko Production, 389
Actas, 391
Bones, 393
Sunrise, 393
Gonzo, 395
Sunrise, 397
Sunrise, 399
Studio Deen, 401
Daume, 403
Production I.G, 405
Studio Pierrot, 407
AIC A.S.T.A., 411
WAO World, 413
Studio Ghibli, 415
G&amp;G Entertainment, 417
Studio Deen, 419
Studio Fantasia, 421
Nippon Animation, 425
Gonzo, 427
Production I.G, 427
Gonzo, 429
Studio Ghibli, 431
CoMix Wave Films, 433
Tokyo Movie Shinsha, 435
Madhouse, 437
Animate Film, 439
J.C.Staff, 441
Daume, 443
Production I.G, 445
Xebec, 445
Plum, 447
Magic Bus, 447
Sunrise, 449
Sunrise, 451
Nippon Animation, 455
Artland, 457
Toei Animation, 459
Toei Animation, 461
Toei Animation, 463
Toei Animation, 465
Production I.G, 467
J.C.Staff, 469
OLM, 471
Telecom Animation Film, 473
Sunrise, 475
Hal Film Maker, 477
Studio Deen, 479
Studio Gallop, 481
Bones, 483
Magic Bus, 485
AIC Spirits, 487
Brain&#039;s Base, 489
Xebec, 495
Studio Deen, 497
Madhouse, 499
Hal Film Maker, 505
Plum, 507
TNK, 509
Trinet Entertainment, 511
Studio Ghibli, 513
Triangle Staff, 515
Studio Comet, 517
J.C.Staff, 519
Actas, 521
SynergySP, 521
Studio Ghibli, 523
Production I.G, 525
OLM, 527
Gonzo, 529
Toei Animation, 531
J.C.Staff, 533
E&amp;G Films, 535
Studio Deen, 537
AIC, 539
AIC, 541
Madhouse, 543
TNK, 545
Group TAC, 551
J.C.Staff, 553
OLM, 555
OLM, 557
Bones, 559
Madhouse, 561
Madhouse, 563
Studio Deen, 563
Studio 4°C, 565
Sunrise, 565
Sunrise, 567
Tatsunoko Production, 569
Studio Junio, 573
Trinet Entertainment, 577
Picture Magic, 577
AIC, 579
Studio Fantasia, 581
Studio Ghibli, 585
Group TAC, 587
Toei Animation, 589
Studio Deen, 591
Sunrise, 593
Madhouse, 595
Studio Ghibli, 597
Madhouse, 599
J.C.Staff, 601
Toei Animation, 603
Studio Pierrot, 605
Madhouse, 607
Sunrise, 613
Kyoto Animation, 615
Tatsunoko Production, 615
Madhouse, 617
AIC, 621
A.C.G.T., 623
Studio Hibari, 627
Production Reed, 629
Gainax, 631
Shaft, 631
Madhouse, 635
J.C.Staff, 637
Madhouse, 641
Studio Pierrot, 645
Zexcs, 647
Daume, 649
Studio Matrix, 651
Madhouse, 653
Madhouse, 655
feel., 655
J.C.Staff, 659
APPP, 665
Studio Hibari, 667
Palm Studio, 669
Sunrise, 673
Sunrise, 677
Zero-G Room, 679
OLM, 685
AIC A.S.T.A., 685
Studio Pierrot, 687
Hal Film Maker, 689
Madhouse, 691
AIC, 693
OLM, 707
Madhouse, 709
Telecom Animation Film, 709
Toei Animation, 713
J.C.Staff, 715
AIC, 719
Hal Film Maker, 721
Toei Animation, 723
Toei Animation, 727
Toei Animation, 731
Ajia-Do, 741
J.C.Staff, 743
Studio Ghibli, 743
Trinet Entertainment, 747
Studio Deen, 751
Brain&#039;s Base, 757
Madhouse, 759
Studio Pierrot, 761
Xebec, 763
AIC, 767
AIC, 769
Bee Train, 771
Studio Pierrot, 773
Madhouse, 777
Satelight, 777
Graphinica, 777
TMS Entertainment, 779
TMS Entertainment, 781
Group TAC, 783
Gainax, 785
Group TAC, 789
Ginga Ya, 789
Sunrise, 791
Production I.G, 793
Tezuka Productions, 795
Daume, 797
Studio Deen, 799
Production I.G, 801
Production I.G, 807
Studio Pierrot, 811
Arms, 811
Toei Animation, 813
Production I.G, 815
Actas, 817
Vega Entertainment, 819
Pastel, 821
Production I.G, 825
Y.O.U.C, 827
J.C.Staff, 831
Gonzo, 833
Zexcs, 835
Shinkuukan, 837
Ajia-Do, 839
Triangle Staff, 841
Studio Wombat, 841
Madhouse, 845
Kyoto Animation, 849
Studio Pierrot, 851
Bones, 853
Madhouse, 855
Imagin, 855
Toei Animation, 857
Toei Animation, 859
Production I.G, 861
Arms, 863
Sunrise, 865
J.C.Staff, 867
J.C.Staff, 869
Bee Train, 873
Studio 4°C, 875
Madhouse, 877
Studio Deen, 879
Studio Pierrot, 883
Studio Deen, 885
Madhouse, 889
Toei Animation, 891
Toei Animation, 893
Toei Animation, 895
Toei Animation, 897
Toei Animation, 899
Toei Animation, 901
Toei Animation, 903
Toei Animation, 905
Studio Deen, 907
Satelight, 909
Toei Animation, 911
TMS Entertainment, 913
