357, Ishizuka, Unshou, 1
11, Yamadera, Kouichi, 1
14, Hayashibara, Megumi, 1
658, Tada, Aoi, 1
28, Horie, Yui, 1
155, Doi, Mika, 1
800, Tsuji, Shinpachi, 1
276, Kojima, Sachiko, 1
8016, Ichijou, Miyuki, 1
12260, Hirao, Jin, 1
8035, Chou, Katsumi, 1
899, Chiba, Isshin, 1
5317, Houki, Katsuhisa, 1
7260, Nakano, Yutaka, 1
259, Nakao, Ryuusei, 1
90, Sakamoto, Maaya, 1
5427, Hashi, Takaya, 1
6087, Shimaka, Yuu, 1
1346, Nakajima, Toshihiko, 1
67, Yamaguchi, Kappei, 1
1475, Tahara, Aruno, 1
100, Tanaka, Atsuko, 1
11515, Hayami, Kei, 1
6087, Shimaka, Yuu, 1
6455, Fujimoto, Yuzuru, 1
6792, Tomita, Kousei, 1
6411, Matsuoka, Fumio, 1
